sample_index,active_week_ratio,active_weeks_26,burstiness_score,activity_density,first_edit_year,mean_days_between_edits_true,avg_days_valid_per_edit,comment_length_ratio,changeset_duration_ratio_in_sec,top_country_encoded,true_edit_days,new_keys_ratio,keys_per_changeset_ratio,activity_ratio_true,road_ratio,created_ratio,first_edit_month,none_ratio,top_feature_ratio,pause_after_first_editing_day,edits_per_changeset_ratio,way_ratio,geometry_tag_ratio,edits_per_span_day,node_ratio,total_edits,max_country_edits,building_ratio,edits_per_day_true,pause_after_first_edit,changesets_per_edit_day,deleted_keys_ratio
461457,-0.06975812794930934,-0.03599692128727093,-0.041806137982348064,-0.061731169001778,-0.030240431214383242,-0.05352257792641683,-0.008621426231368705,-0.008412038390909754,0.007602910494599556,0.006918681072007726,-0.019068849303792806,-0.0017050346441954513,0.0010736574860769476,-0.030869630817419547,-0.010747527716085456,0.011773970144971098,0.0011448416500984132,-0.016736494265488375,0.0018319675213515668,-0.01008485958666943,0.00870766725757489,-0.00519027286728802,-0.0007428923772791091,-0.0012062643297657428,-0.0023432954464260845,-0.0019566715137411196,0.0011473738974490568,0.005203267520078544,-0.0009871671877473278,-0.002158068813002139,-0.005212955818873607,-0.0004039037050853265
1743302,-0.03225621611428995,-0.015888246697711248,0.01785720208505939,0.03427619963122453,0.040197359914766397,0.01356322552687541,-0.01644881851468947,-0.009604533194663064,0.008678527571898433,0.03028939317564495,0.0026716148656042438,-0.0026486292970141516,-0.003323072012142755,0.007281723159236849,-0.033530129764889345,-0.022961394336513365,-0.0018798203462645228,-0.027570674884057157,-0.0002886614409844193,-0.00539686903451759,-0.005051912977927775,-0.00496950179815951,-0.0029505361142794532,0.0020026030823573904,-0.0021832972361052216,-0.004608633047897858,-0.005210367334787378,-0.0014014721410302846,-0.0036245858650508405,-0.0034734183278683794,-0.004935119563351467,-0.00014692826020891545
1857144,0.027807312660432036,0.019224695293101734,0.011261206912736242,0.02107126311978364,0.036087534136613635,0.011089268272135789,0.03411547371739767,-0.005272234931938011,0.013998106557234387,0.003133333146794304,0.007139383389226961,0.003751045805049286,0.006732578776519893,0.008817990538877258,0.013911102939879075,0.010815036547961015,0.000346297099513691,0.021971622446842032,0.0011719017079680307,-0.006959561509346417,0.009672615623190906,0.010032832249660636,0.003377346221399246,0.0013386390669648325,0.006826910656638782,-0.003316469285828554,0.000286161877296352,0.006385368520401617,-0.0022854540353842816,-0.0033612528921630343,0.003652268441588051,0.0017984311883372346
966761,0.0354295733064204,0.021767283118140357,0.009900457308549548,0.02498865981219928,-0.008842907233109461,0.006241344552934896,-0.018892902669982708,-0.005756893565692635,0.016676133517803386,0.010549046922990557,0.01145162039432726,0.0029683859869313427,0.0006466368438547008,0.013381539308353268,-0.005228052769980145,-0.02066325417786517,9.210350651083094e-05,-0.010396027486298753,0.0019392692176117975,-0.00979168958035666,0.003402887606529883,-0.000981793822684896,-0.004235096952582004,-0.002950656547476964,0.00424041003167043,0.001373819852713439,0.00015125939647200873,-0.0014389163362484448,-0.0014082873161989258,-0.00282706583483956,0.01965014417764783,-0.0011726728710935927
543184,0.02522085184310973,0.01802084683978296,0.011437918252968372,0.021356904444902926,-0.048827153218526015,0.007244237603369722,-0.013403392962977444,0.03927057809419738,0.011002070812818744,0.006237061930717895,0.0009664394076771226,0.005484428155548888,0.00868958937751534,-0.005853342629151245,0.0254243906329691,-0.01892157443285102,-4.4603123959068934e-05,-0.024711671201192963,0.003641408255981269,-0.002734562645739593,0.01126359021751928,0.010764778968020942,0.00926659734774892,0.002368846856953888,0.004110062068968628,-0.0030643835654214756,-0.0009981573619294803,0.005898416884303941,-0.0012458694693845893,-0.0032235697251735886,-0.005673959738862046,0.00046545092982757194
433404,0.0316608069770845,0.024163994344037883,0.01479679399344609,0.02409013956450486,-0.0372506161885457,0.007481734175362578,-0.005735231182992404,0.044876308734019224,0.008473941650286785,0.016559870993739186,0.010713982564364108,0.007412950620302269,0.01174114936685391,0.011717417767593295,-0.00948638355090456,0.010639050158508273,0.0003495816928324959,0.03171658577431402,0.0026385494564297772,-0.009788286749565786,0.004966334331283666,0.0031492455967796445,-5.728419013299843e-05,0.003407426539254755,0.005225449906034418,0.005106522137198387,0.010751431635972912,-0.002774265692629283,0.0015312613164552543,-0.004782002777394304,-0.0025745083089348656,0.00257961934361832
687974,0.027737710021457782,0.020841870628313983,0.01552340152544817,0.02025858386558212,-0.02094583850692439,0.010080300841658492,-0.005208822504662929,-0.013662359011556888,0.013237149032225507,-0.014511127224607637,0.008124437516523874,-0.004214302138383998,-0.0018025756290861578,0.011442686407296796,-0.01571777505853441,0.019138544678153527,-0.0008376748731879553,0.018594821837713448,0.003023497756717859,-0.01103169381673158,0.002748345071263395,0.0018133554294680232,0.00306250595481888,0.0006652428410907262,0.0014579177089239768,0.003741756646029221,0.004966518671192342,-0.007595438311177825,0.002689867220076278,-0.007601083451479907,0.005931719741938905,0.001957835464500552
1836262,0.026945560715137706,0.018666933318069703,0.011222446884578545,0.022657620682067312,0.05121339230748267,0.009286716360911463,0.0070715682002325956,-0.0011915205468763924,0.006094641514600114,-0.007109426771442064,0.008212270984161532,0.0011465601464570648,0.004476597183494823,0.009547249548621862,0.024078005043721148,-0.006788573418009272,0.0009462196179297757,-0.020251556161365626,0.008313009081344008,-0.006671732313293534,0.008235917541838892,0.010621376696367365,0.002294803810570478,0.002737721376612807,0.006599314689787864,0.007269556253001855,0.008004592770947071,0.011988300931912303,0.004700541228365804,-0.003958482427120596,0.007167869695928576,0.0009169760289350556
949567,0.02880732937948162,0.020470448938187044,0.014921632121860361,0.021728390570734897,-0.008519225159415096,0.012079269623768136,-0.0051022573819903575,-0.00017379113841746742,0.01194017332621602,-0.0019930844997053583,0.008402287115825828,-0.0057533561533889286,-0.0004092668137586162,0.01128707459883904,-0.0224125632302622,0.019187168746210136,-0.0017952887987108673,0.01623593941156734,0.0048293613172854305,-0.008542918955185075,0.0005506257925887643,0.00178254701234649,0.0049524044927906075,0.0018272625395377336,-2.7242741454310192e-05,0.002496179771006043,0.004300810642259256,-0.007757001728739153,-0.0015089766254572528,-0.004479976875017739,0.009392490902190262,0.0023484883131965543
1102541,-0.02635053541214062,-0.007971699411619454,-0.002279533862260417,0.04104676706015531,0.007856611566826882,0.02650019767005245,0.006363340735062466,0.05773797699985795,0.011314520284142609,0.00641322308765188,-0.013684350408929652,0.004512133779182092,0.004730134733552923,-0.018263695547933376,0.031769394867335224,0.015109733811913576,-2.1150032008482154e-05,0.017569791260974875,0.006979432056048665,-0.001683889652519043,0.004373501121185166,0.04136409704329315,0.006249244776819529,0.008771616596838998,0.030454848409358082,-0.003667299041073761,-0.0025609271479084257,0.014451095396581402,-0.0012720506447962577,-0.002645838234169373,0.00240906159019273,-0.0007275758002642171
591762,0.0330646038752688,0.021728405976356314,0.011632037643336333,0.020885547817286264,-0.04233386287534865,0.0056582717792208765,-0.009257335737425057,0.03351384418566289,0.011581321388668391,-0.014420827151527102,0.010706917119720973,0.004009205335964055,0.016958818599002643,0.013402250108074247,-0.005234457812032686,0.005854134269877365,0.0031132584640282015,0.038819615268832944,0.003159834274327004,-0.011544804106660795,0.017692561661198643,-0.0022087088191804654,0.0008891203339060656,0.002218599112870803,-0.0014080321628312997,-0.000662247214979033,0.0017627342754437624,0.010242128508137735,0.00025813095432943516,-0.0034284277492694823,-0.0015997182289993256,-0.0034114976017834424
1677983,0.028948080558227018,0.01853998093173712,0.011521622877468185,0.02197192121918492,0.0600855892740761,0.011238785008708794,0.046664968904318586,-0.004368752950664988,0.017986579156032387,0.0049750302932439015,0.007527135870865541,0.004813664437626291,0.008649923069955314,0.009149751388319834,0.01519978434023878,0.012652123722704493,0.004111769645748831,0.024101865840095132,0.002321609316289198,-0.007721024857186751,0.01040975216097439,0.013182537885162136,0.0037606843525186525,0.0026194169976960723,0.008298100566766295,-0.0004073922442963667,0.0006548606159768969,0.008255661435738578,-0.0001438249462504533,-0.0016397397420556674,0.0060222605711968405,0.0026240923992495637
458985,0.033038453012895035,0.023200083448971672,0.013378025724114671,0.022812113107633345,-0.03416263137822818,0.010555086723150189,0.001483286332235977,0.05789486093223148,0.01741929821580876,0.008313571506519455,0.010327740295934962,0.013766204086170282,0.0011420024246199113,0.011925720836304138,0.02155111590642432,0.006755435031881686,0.0009002404042700431,0.03171951887941148,0.005308959768504783,-0.00657224804663994,0.003049906545210532,0.004630658440028055,0.00020188291863823096,0.0017625997704293107,0.0071584779535036605,0.00818249073755616,0.007349124064813251,0.004105190317787494,-0.00012708495850363024,-0.0031381050291628635,0.009379092444003692,0.0018363094718129036
1269474,0.02631964857262866,0.01889612109695747,0.009856895114334055,0.021534388360571505,0.0015387746912478117,0.007595537840975837,-0.00820013161502816,-0.0013898718191453895,0.013469224412482052,0.009632036090500524,0.007576598975408773,-0.015222743191463446,-0.0036117935136227375,0.00946726644584778,0.011964880369941817,0.014925752960664557,-0.002092453778146545,0.017785260365995495,0.0029778221575222936,-0.01009064786082702,-0.002715386892752228,0.00985521314114511,0.0032251993527382147,0.004302018233418985,0.008346184193531983,0.003987077908429592,0.006089793056906549,0.013155794423830922,0.003095156874124537,-0.004895595384911774,0.006786500719679533,0.0013130438777071518
138881,0.025089718292011415,0.01734164792477166,0.01060015397640897,0.01960628137285692,-0.09734638329108293,0.0012936747675847769,-0.004200377033046716,-0.006726808323812655,-0.02661117407796475,0.03828430666062531,0.007681997287212327,0.0017894397323331328,0.007623881998557288,0.00878988279149771,-0.02033289682715685,0.017987562655957554,0.003920473841885616,0.016014765346238382,0.0012619366422902522,-0.006315880483460215,0.009016097478826333,0.007733064089438213,0.0021836836533941223,0.003875613697154864,0.004205273089822869,0.013707058849327715,0.00584312750919667,-0.002108903621337051,0.006827978268877494,0.0013017834362719315,0.0035487216233431006,0.001176873030042333
2173054,0.03325456544010423,0.02283532713775768,0.011879175039807996,0.02131155249547451,0.16133843762204994,0.010865909048716673,0.05837419772626385,0.020729284007117477,0.023638991147029702,0.00358056610400223,-0.0015719902529034734,0.0040052284035086904,0.011356850052785318,0.00017605441576030282,-0.020567303211887853,-0.01214111567500416,0.004424476725256928,-0.017390124297156816,0.00017979200566061536,-0.004764019182656762,0.0045959172698019765,-0.0011315671737738434,-0.0007837791438329799,0.00019088065280045246,0.002077507048616988,-0.007393722325213883,-0.007116633939349687,-0.001835252270567239,-0.0032698338459352483,-0.004646045428874295,0.006572458262505832,0.004016104865921384
1361205,0.03382647752970897,0.021882977383995608,0.013202835759960783,0.022033388800205098,0.005360452277583092,0.0027325843701575645,-0.017665510388405886,-0.009947571501306712,0.011073619675594717,-0.006938442070537005,0.011413458058930518,0.0038696274817227555,-0.0020004959235648233,0.013927473765926653,-0.029929807654452936,-0.022108925456677305,-9.373846211785257e-05,-0.022176040453388106,0.0008430235633473577,-0.01314222178407744,-0.0026489781720234217,-0.0034148811248986893,-0.0017687302746691635,-0.0008551712698649296,-0.002127270111036377,-0.00395512563642077,-0.0015795053075460341,0.002467291855034459,-0.0012502827932064189,-0.0031951322763779048,-0.0019804646382149973,0.00511868537773804
671142,0.02863529284417573,0.018863981048963245,0.010147317259394502,0.020019420869870103,-0.018943501724954636,0.0044388512053267545,0.0011403984999821845,0.011218876494943455,0.0012938651598981038,-0.016760877587135677,0.010288632406719997,-0.0010941625824423906,0.005989506542379782,0.011730533447564147,-0.025233336415967908,-0.012036957011781774,-0.00452912446826183,-0.012569360297280474,0.005671916332563879,-0.01238628383390395,0.0054424779586629115,0.0035706071700230494,0.0032172740470360855,0.0008379979808977968,0.008217663081471427,0.007663840892496402,0.003940520902626918,-0.003934421190272798,0.002444819126221489,-0.003534597779751541,0.012084980252156938,0.0014757403875154732
890021,0.020296167277466887,0.016227994000111122,0.010043735337693604,0.020213064974117418,-0.012312870088621742,0.005991270480067748,-0.0008310965592591349,-0.011626229454890055,0.013303642260856714,0.008102844040904882,0.007500787650440813,0.0025476010646713902,0.009939905988165758,0.008577110655702125,0.01450412056852472,0.012245475388207399,-0.003604406230795343,0.010507922286824943,0.004041487481384042,-0.006315561468683134,0.0036415154366874845,0.004461671973450861,0.007276504838541584,-0.002243256812206783,0.006014412263501661,-0.0050135348561042604,-0.004490016002101172,-0.001829981990700204,-0.0005581460201730588,-0.0022283910236076294,-0.003761929298395866,0.002160710817927297
575657,-0.038628242824289734,-0.006148850693880879,-0.026343906241983257,0.012160558599262312,0.0035724079184800738,0.007484817584776389,-0.011293356500894374,0.027229541706322143,-0.03096229298657053,0.010133090407047686,-0.01897431981914392,0.0016342995233268787,0.02486750254954218,-0.024982679515842102,-0.009682930648569123,0.012426983092825786,0.006952140169739293,-0.018628824369334118,0.0017976775568450793,-0.0022826866595471633,0.01917892818079183,0.015418903807374984,0.009094264184466228,0.004605766811141655,0.0018697488556370012,0.0006634372590531832,0.0005213818024626962,0.005784804792033088,0.0003571047604756064,0.001600497551077224,0.008795185500364426,0.004070948998623919
1650223,-0.07752264802693218,-0.05243569996532369,-0.030411592172885447,-0.0655204338866898,0.010931313263597217,-0.05067003070489136,0.03606132943513362,-0.0013117372934476426,0.007257565617721123,0.0012115587751436471,-0.013657629953262196,0.0028183532957290086,-0.0016081503278077786,-0.026952108056467673,-0.021928272487997096,-0.017390868705569967,0.0026908902688427766,-0.021920139511756902,0.0073661633753431014,-0.007253905955886428,0.0005760625585805531,0.019480004277845644,0.003977568578042398,-0.0018051304230594098,0.010946048588698335,-0.0015217537461063113,-0.0004532284243163743,-0.0021993424581993417,0.00043122650452223193,-0.0015913180454943726,-0.0018398035407612332,-0.0003977048751051822
802750,0.029463888003955555,0.017218278365258625,0.011709531468960222,0.020772968995996562,-0.01025529290990309,0.006809709363422788,0.04486384261803394,-0.006627441472344307,0.01371414916399901,0.007778014584701573,0.007613908495828076,0.005510701636394928,0.007750674575297795,0.009123941705818348,0.009564879053467345,-0.009457216728733878,0.0017949971561382443,-0.020238046631915137,-0.0008654361755852403,-0.0026452461535583756,0.004013488481082069,-0.0016183714416835768,0.0022493191102385865,0.0022747350584414396,-0.0016023644367394914,0.004889153101305693,0.004569217895103644,-0.0018989673532730782,0.002570843979633512,-0.005374695239706812,-0.0017485159054199473,0.0018111604670904983
2137744,0.03776932082221591,0.025036792089638535,0.015207275467570015,0.02304213421105122,0.19912563208381887,0.007235025998005831,0.0022901445800640394,-0.00016380173003635953,0.02384567332977468,0.006846759779087101,0.01223799085539708,-0.0004919093120779438,-0.0006210848370663536,0.014859625066328472,-0.014729977334095529,0.0015400434855058261,-0.0010095618964176619,-0.008557812025323916,0.0021453552140079293,-0.008618587541353912,0.0008644951242418918,0.0003256001300323963,0.0013204483430255265,0.004331487528385117,0.0012482778844459203,0.0035940177238158546,0.00905250773936168,0.004850757183915078,0.0011421096063838692,-0.0014955004551819276,-0.005091566898381033,0.005387588668921277
354422,0.027423899810804973,0.01840026653013853,0.013006410882704947,0.020451521079927273,-0.03348486564314705,0.0009365934286151785,-0.007098272816360323,0.001996423903335072,0.0028197854611997893,0.011992518455009081,0.008885300525275407,0.006554434722971863,0.01090463610717551,0.010309681824114403,0.02052870990541943,0.02045977466834678,0.0017049166690577854,0.024203318526371715,0.0036990401903083795,-0.007717417015187854,0.005677293748101187,0.01815297299034783,0.00821586240424067,0.006634527761357765,0.011875468200570139,0.0046440284282229195,0.003850222713146836,0.0016126007904328598,0.004161255735231683,-0.005942997395476541,-0.0031989895651882154,0.0032425039737750067
519849,0.03253417345519749,0.020527069956144048,0.013889005817976079,0.021072819093310723,-0.053974515110728864,0.005802912410645622,-0.009169807129103895,0.04123418878676396,0.011480607181199464,0.010473262002825622,0.009639318188236974,0.0016522893684461056,-0.0005509510333877855,0.010598279186153933,-0.028183352158383117,0.006661356608276926,-0.0005027055981320317,-0.020433669244252207,0.0006602374066929214,-0.012463528667073167,-0.002697333100870542,0.013911125528243123,-0.00513761839452447,0.0023389685578496574,0.005321004203211002,-0.00142322202093916,0.0033727448378885385,-0.0030952106444544153,-0.0005986992587992231,-0.0020414547222416183,-0.0014417517224761909,0.0007865113122861973
1174930,0.026121783956981767,0.018070872003376846,0.010049033205766215,0.021659935932706306,-0.0071678530896386195,0.011830871427419908,0.043994617526627394,-0.01494865006925722,0.01850123078700111,-0.005401848636927601,0.007897089840854845,-2.7601373378605122e-05,0.00046524683677246447,0.00847097386190115,0.020447238809227726,-0.0018302929211691402,0.0016229489003415892,-0.013494030771579959,0.00619492936072218,-0.008445919436736232,0.001144849722109495,0.009808717599978244,0.0027396764206449016,0.0012917451682343693,0.009783736127578475,0.004276565721600207,0.0028521607265900133,-0.00030098809007403685,0.0012491141312810736,-0.0008262855600306715,0.004460352369789717,4.503719377966731e-05
930325,0.028200739026590805,0.018825145162157633,0.010656130460237084,0.022538509814124794,-0.0032411023592929062,0.008004151043402692,0.008137437633851406,0.006980839880716059,0.024698879835935845,0.006505913295559875,0.008441988148124094,0.002011368138531478,0.0014782229363862964,0.009724550754460094,0.026971772739694963,-0.008492820549274449,-0.002088522649880639,-0.006596791434001031,0.008505641122488066,-0.010918000710380021,0.006644781084798517,0.011068580843112968,0.002521191707352212,0.004889835682842193,0.007765936809825799,0.01350497585643621,0.008655289206558805,0.013847673891279524,0.006842128515094415,-0.00261310412606367,0.009134637958628284,0.0017072426555476167
276604,0.028227487005390517,0.01918093480631919,0.013467336281045647,0.0203973612267848,-0.04867268912670022,0.0087771069673103,-0.012835001015478317,0.017970794987631454,-0.02293069266644597,-0.006024042488243831,-0.012611099872582389,0.014051204645997045,-0.0011931162489972017,-0.0030945650043218875,-0.021230655701897277,-0.009941946865056658,9.033215668472414e-05,-0.01811930053065436,0.007962563852727767,-0.00729046080777004,0.002800550389790495,-0.004169912294984607,-0.00802363552510344,-0.00081427624154589,0.0008709675416814008,-0.01678227845858318,-0.010928043347081987,-0.00023586410864149813,-0.010817421328217926,-0.0022453606009523552,-0.000728541059007002,-0.003928294589231372
921850,0.030017708831409286,0.020326827865214673,0.009714732962912736,0.021116055475207365,0.03455230303948955,0.0035146969570564544,0.002776410751065284,0.024162064705816128,-0.04190171364594236,-0.027049690956339092,0.01124170067811468,0.004229241395602645,0.010645972151581515,0.011140652904702996,0.011006372482695159,-0.00874031786465762,0.0033178519582904966,-0.010952172793840744,-0.003741382974124769,-0.012349366981983505,0.004311741247102939,0.0003182182620954337,4.771314917259552e-05,0.0034136342125973933,0.0016508292789524151,0.009357862623880803,0.004473108054426074,-0.0018381084721706784,0.004445136777367894,-0.005750867814424376,0.008504153942349863,0.0020279040454745574
1661698,-0.061292693256529286,-0.03196193893109054,-0.01704517247907577,-0.08272221030983759,0.027135205850827827,-0.0612679581979358,0.003144611009923767,-0.006514912777981514,0.009211545652578628,0.004542757108639933,-0.007962415693859104,-0.0002245589142341796,-0.0019439154403239644,-0.014667011229955387,0.003928300710495276,-0.01217564486361959,8.319503960650166e-05,-0.016745635108191312,0.0014486997357292999,-0.012014818208340048,-0.0032129948764782687,-0.0013137704209378795,-0.0017947417792271855,-0.0031861380321353476,0.01192534554356333,0.001470102706204178,0.00461362444015992,0.008995661447180453,0.0023381853204449635,-0.004926672883504312,0.006764549101361386,0.001996187669067525
476430,0.02533630742439628,0.01777062134439758,0.011120068547601647,0.020455279018598702,-0.0554561862670711,0.010305540036595184,0.046696422097216965,0.016125715503441263,0.004399974274472474,0.0014107438788029966,0.008684777465115744,-0.005189123543540971,-0.0013733266415426862,0.009620497201517558,0.010846902472564379,0.013182664177462368,0.0019747647008148835,0.016181812737801938,0.004535286902792611,-0.01191692325244143,0.0016097444519660865,-0.0007801872844767,0.0019192002037536251,0.0022956386777802673,-0.0010782000616946805,0.006292287053671384,0.002788740810626186,0.0025697379388152078,0.004594345612347746,-0.0019368616291994853,0.006381562659121917,0.0005467712250884823
1591519,0.03934554658124797,0.03223294847764554,-0.01886161576422058,0.004143222372316024,0.02393875921592606,-0.007382412572088881,-0.013984008495272513,-0.007790655865753857,-0.021510355072439688,0.0023780039826095697,-0.011730405670679851,-0.002701229029500605,-0.0020168727642757888,-0.018796837157126826,-0.03299424880872915,-0.013292370111554557,0.009364456299396504,-0.021228994027038286,0.0034171093486176675,-0.009304041062638975,0.0031261783504741244,0.0025121486944339605,0.009151245281608846,0.0019473330951430966,0.0015162158686727173,-0.00536021914338285,0.0024872726397462816,-0.0050240621592255955,0.0017934524876346593,-0.003318686725468544,0.0007379754058946965,0.011205155924419941
1567380,0.028647266398310858,0.019348619562665516,0.010540488834527042,0.021322024711158797,0.05970007282569855,0.011343906689840928,0.025788014437268483,0.001925793439276173,0.010968567010152277,0.0038931384117425667,0.008460362449146849,0.007854002793168615,0.00020957707519814143,0.010528259495045607,0.017657489653142452,2.947061957415747e-05,0.0009788167312237694,0.023942388440244187,0.005177232578836128,-0.007464314499266633,0.001231974362102542,0.01242233564277833,0.0012785301484890541,0.004193245430374945,0.00953070069548453,0.00034998401297931046,-0.0009500388476311653,0.011289619037115952,-0.0010906052980138743,-0.0006223022592690932,0.0008472349394289252,0.004136715755150196
1797154,0.032076072000490154,0.022510636114465746,0.013790665484792665,0.02194350389202573,0.03696222240297608,0.00777226342484283,-0.010372982258315016,-0.004257902837333298,0.012367287747251213,0.014292246177532202,0.011331334614806964,0.0038315370222501734,0.00045192783156602825,0.013080382161766086,0.014752959946542918,0.0018322784210814873,0.002291511358729842,-0.01591590804104493,-0.0025052096491587333,-0.014231608540012273,0.0032383559877956244,-0.004276812197638476,0.0025492822418822884,0.005285163628216582,-0.003894362035705029,0.009150444176378801,0.007764935294515289,-0.004205583324600761,0.0025379723413094203,-0.004256120167584165,-0.002826481693883762,0.0016624261545184161
739548,0.026963014626656245,0.019762474258167843,0.014647045694115325,0.021482556750720482,-0.013261148909189745,0.0026644920554991913,-0.009238415416384078,-0.00488416592865662,0.02164440580904872,0.010000655027886947,0.0089207418048989,-0.0032336567124645645,0.001123154582158341,0.00989010374370621,0.02085160723852951,-0.012551553624125493,-0.0008977921373590008,-0.013709262200549415,0.008759703040357017,-0.010598039520524065,0.006900659040959505,0.00847099335709198,0.0033631742605399703,0.0041466996253295895,0.00611295347745911,0.00891653853450747,0.004338105675596836,-0.005502193227861275,0.006324950403424582,-0.004249027481113748,0.004654093166748757,0.001244297699776008
427836,0.03319096849902468,0.02073961214583332,0.012198266469567523,0.021663308458942657,-0.04637048029348836,0.0042557025760386995,-0.00793279006402239,-0.011350697293630098,0.005891293618745514,0.01720069563918378,0.01240171407640836,0.007392527881028767,0.0011536568038801596,0.013878684626480814,0.03423111987485955,-0.022233076233926553,-9.730499950405304e-05,-0.02517306187125635,0.002065283252632286,-0.012847341706642352,-0.00038677758379526955,-0.004820191504936466,-0.00025810767694474764,0.0030969726017913857,-0.0009673670043449105,-0.008007089998797533,-0.00690027352103315,0.008049703393236804,-0.0012664472606249743,-0.002137068530999148,-0.005511545520982051,-0.003429743289836726
1507234,0.028356193126086737,0.019597458327502724,0.011663312085905502,0.02212520242039058,0.017052630568679675,0.012037755150439266,0.04006167930044098,-0.0052238022269270636,0.019009123697111146,0.003617830544486598,0.007725124580428851,0.008876086569686083,0.005647228245238867,0.009141976776273465,0.008679073905424016,0.010305661922060937,-0.001236196743878042,0.024611604245750568,0.000200192621695109,-0.006097773045469978,0.0020989327160575787,0.013060385314698704,0.0013003294970985546,0.00633989344184421,0.008520519745895577,0.0029981968865199346,0.006369171549104901,0.011182700702257374,0.0066334718592818784,-0.0016453334721023944,-0.0037387462464389446,0.0025686600297884733
1274509,0.027905292415533994,0.0196532884774442,0.01253260931976673,0.021013843044555468,-0.00020956492584818713,0.006903966708355362,-0.00989290922194677,-0.005021928682732422,0.014751775458069055,0.008658218085675202,0.009296561947812716,-0.0025872961512057235,-0.0009886769003674399,0.012545071860750892,0.00935126647538511,0.011694073745602914,-0.0002740134684350952,0.018788528947649243,-0.0022272157974713514,-0.00985581890481409,0.0036560833794770983,-0.008746521333710587,0.0022759370719739637,0.001080456613198776,-0.0052208690528338965,-3.788617461519574e-05,0.004726658423185793,-0.008423851053498648,-0.002182790697486326,-0.01088466408882647,-0.0013103006986943768,0.0017276295310891007
737208,0.02404307893182978,0.018497715745254807,0.010099129516966255,0.0197533571079225,-0.005164425611797399,0.006734123353642024,0.03223662971980294,0.022814141809447748,-0.044234617064350105,0.006040218203368746,0.0003587143978747817,0.0014068742786652747,0.002935741837509935,-0.0011883827590890572,0.010115378334347074,0.0002568174082307534,-0.0007663367718162592,-0.007665977073266843,-0.005187506538807635,-0.006819304576649092,0.003657622536715068,-1.6472227408146964e-05,0.0021221641715253596,0.00031148170446732877,-0.0002088673220559709,0.0016529867170013317,0.002697996191379596,-0.004387241632892055,0.004186878980504529,-0.0023295634938628913,0.00433132650022778,0.001169223785877223
744791,0.027269093878434368,0.01914730126182594,0.011767084564233747,0.0210814243282351,-0.01995503238683011,0.005563476103973972,-0.011766577019288958,-0.006356082809699732,0.015872026212375514,0.006003525393597625,0.008194695105990085,-0.005980911300665941,0.0005982169986983811,0.00933750693546615,-0.004925215252823206,0.023894185575868504,0.002682856019379714,0.025664683431004018,0.0007875134961406091,-0.004647971007182951,0.005749034226002953,0.007208657292113991,0.0034514728013293142,0.004110325798484486,0.007664066774517568,0.005087534130908366,0.002295032015201284,0.015137762143506853,0.00014266626517745156,-0.0021795726932613865,-0.0029863831139773827,0.0029186247003767773
253301,0.030296909070225586,0.020802184499463094,0.015040870258600106,0.020235458388800844,-0.06878993198765296,0.0021464560056434698,-0.010637563581382918,0.02361606611933058,-0.03849774902311359,0.007359809970748455,0.012238471252537663,-0.0013020941084866098,4.4636303816445124e-05,0.01413638676065662,-0.01671646250280368,-0.016106406235996244,-0.00015210087236758798,-0.02058661500676506,-0.0013145042637611474,-0.012006976616274102,0.00044477976621481714,-0.006478880876972006,-0.007176658855092529,-0.0023715130111358787,-0.005844970824819929,-0.006775508138270343,-0.005217562611477374,0.004170371463483206,-0.004207277485728378,-0.0042548721304417544,0.0003770179840366922,-0.0035623807054852266
2002470,0.032043086516752764,0.019507115886540412,0.011912013688287646,0.023009886675420286,0.07392064819343498,0.01252573232919369,0.05000501382404493,0.013807484452915485,0.01883893903262507,0.004380718862897323,0.00951084491656141,0.005580620622147666,0.012388171990450945,0.009796667102433002,0.013219161813821581,0.01177602319401521,-0.001858458113703028,0.01811078543122459,0.004624817356490992,-0.0068490827557262735,0.004109892181938483,0.009612841999887675,0.0036306092420458546,0.0029826744258950135,0.006517806501947994,0.009387000432762258,0.00658698184582205,0.004854488000106456,0.006910049051921564,-0.001966373693874115,0.007766561727096667,0.0017757578831864454
539822,0.028214672566420462,0.019146491407889,0.013155943775254066,0.02220443166062346,-0.03461908436707899,0.01580753167385973,-0.010064962442548406,-0.007879437529353725,0.017742673316195657,0.017155760639425394,0.007907697280985079,0.011279676610622864,0.002164504176435442,0.009271062181851655,0.020655139563714904,0.0056370407379522595,-0.0014162885530719222,0.030573152798882397,0.0076195649509387675,-0.0054210187733484926,-0.0013938606572456503,0.012503975890797384,0.006212831090659548,0.0030258256296703846,0.011189917017626644,0.003113750999557473,0.0016713333452147874,0.0018139577604523425,0.0033370766963466305,-0.001499775643600372,-0.0010396320188122005,0.00164034810526324
212064,0.024635711605612905,0.015550372547707596,0.011008078027620488,0.018364865756987554,-0.057778005865289334,0.0090705492435562,0.00016182480532716016,-0.01593675624908274,-0.021114826912399267,-0.017891212475434296,0.008511036006992018,0.006505642578828776,0.00900315145949728,0.008728573031485444,0.02127864745323064,-0.009066052631980204,0.005910630202222345,0.019976098979034757,0.00945301888260446,-0.0019661692773952307,0.008259822837036667,-0.0013995491963107705,0.004588331072262886,0.002038532020978754,0.004269645939606471,0.00246755472078392,0.0004575679882940413,0.0016903955384658471,0.0008050541723465139,-0.0013772405920797173,0.0048292233770784645,0.007804052799188549
494060,-0.09972849733789696,-0.06325203949836036,-0.037205948406319626,-0.04671667577279988,-0.025368640469183,-0.037374220855732034,-0.011732785182660074,0.026166235432386418,-0.016280284254232332,0.0032003670424803183,-0.04781812739775107,-0.0005232212741656566,-0.0011692881563840252,-0.053344302829520115,-0.026460489653370917,-0.0087546785182179,0.004122762764691776,-0.013894989553924056,0.00024695643328074917,-0.010967945701411321,-0.0019811747540020423,-0.0064503341271369315,-0.004188462221474355,0.0018077508474556795,-0.0043892493514689004,-0.012210876199659495,-0.009182403120921608,-0.001514685076977897,-0.0029292602446277186,-0.003148772838096031,0.0015298310414229375,-0.0029838025762450415
1534949,0.02742870266930646,0.017295621542650193,0.011779965927423593,0.021709237490363034,0.03403005356479455,0.0076712616226782175,-0.010243469533098756,-0.015294092407659202,-0.0419831855526563,-0.0090013991509388,0.009582974758387607,-0.00495186426594611,0.00334974863632439,0.011784293016491296,0.01029199505668447,0.014001659067544792,0.0009563542000025946,0.018792403001596642,-0.0037006314356279203,-0.008851205333851659,-0.002899626025226779,-0.005272108688895891,0.0012259801899603324,-0.0009807989830902838,-0.005089733534831786,-0.00029463938040326203,0.0029674043139307125,-0.009169092620541015,0.0017784827239899854,-0.006716013019770079,0.005092055641895522,0.0007439593460113968
1924666,0.025015209930143757,0.01938951763964861,0.010317337084872105,0.021997878023473607,0.03788044635496949,0.008249548169101246,0.01903073029468572,-0.00865731765620401,0.015568727990483616,0.006480749512513188,0.008596731239829698,0.004920347250067616,-0.001306382429760857,0.009621663508309003,0.01245880507627124,0.0192996254063898,0.012234350473900982,0.022777183189709074,0.0017184317794011485,-0.009285765947902104,-0.0011831740910386132,0.010526308526951189,0.004055674569532622,0.004510969024207311,0.007663070961620813,0.0024498624251249206,0.0055664909800292,0.007525682042426289,0.00176814281992372,0.0001413964006935081,0.000275692770878376,0.002670455102347762
1228861,0.02874930794565545,0.02263663851322945,0.013690923791290768,0.021563341557692493,-0.006010848019383635,0.006273583280723982,0.006940107232235387,-0.0004051529239400672,0.017268501276499107,0.005504689907874474,0.009270997062953066,-0.002668357333981926,0.002556834768521764,0.011643470207593395,0.013367904201982486,0.009059534496066706,0.008234850914929596,0.0160931007522731,-0.004534943912101931,-0.009543680018316734,0.004180508895827974,-0.0027059543556102314,0.002538194806792103,0.0021149495119146275,-0.0028320458595516686,0.008408857128363175,0.0035646246045284427,-0.005502779981277287,0.006163515269101514,-0.008447669598150468,0.004078278177525645,0.0022549726143270762
146316,0.027976110135831792,0.01940565287181083,0.008997838511842021,0.018247613316697164,-0.08106907679956711,0.003685834165970596,0.008027178687670802,-0.013532698189730016,-0.03088868126323336,0.03421105229870069,0.008156428978089854,0.005009643558312918,0.00766032816265043,0.010486016738101862,0.011303917694577451,0.02086210221230931,0.006653624762671048,0.015485633518696997,0.005149607182732304,-0.006636890111577997,0.004759194362686157,-0.00040519475106514573,0.002270324113477651,0.002280992923443251,0.0033043407596919675,0.01228147768551794,0.007327018740146324,-0.0029463819058143594,0.006347266538849562,-0.0023175791139236615,0.004103340711741869,0.0019507304451652837
236289,0.02609844607237064,0.017933629377151886,0.01179988881339191,0.021308484094648004,-0.04422705233716152,0.009220692429487155,0.014804996545140987,-0.014395752564149884,-0.012353535901987059,0.0010476055289885976,0.008542378947274947,-0.0001420105867176498,0.007692083575983386,0.00989099527932098,-0.017118437027224317,-0.007038305160170981,0.002144182771383909,-0.006451952082096177,0.005108680616791081,-0.011081583349985411,0.005496593565975623,0.011219990109538442,0.0013209408807278637,0.005914159161296057,0.0048823807915230645,0.006392352246394347,0.00543856943461714,-0.0020595929588531512,0.005727495388469501,-0.002520426272550109,-0.0017666323715375834,0.0024126114801339446
661134,0.02341654067120219,0.016814547817071552,0.010835601605143734,0.02026244211521157,-0.023453234073998998,0.00712857699967533,0.08019011416188566,-0.0053586388455248045,0.00881872451893824,0.000830853850307113,0.007632365320776786,0.012987899168881854,0.010862363057385036,0.008321630031649188,-0.025957586665944613,-0.014210981999979022,0.002597406096760401,-0.02424220605040956,0.004836944822399546,-0.004617195461552713,0.0007426796213207008,0.008162513457018473,0.0037063033281912305,0.0008368721039430236,0.003968782009742934,-0.0010287773831547107,-0.0009317720308353444,-0.003156014121359413,-0.0012890395481023132,-0.0008740761354601944,-0.0053434339246041605,0.000645198552018195
1569364,0.026460625575069674,0.01775680927218903,0.011692466322120574,0.021995109172616604,0.00410890146368156,0.013978331351165892,-0.009017947964155072,-0.0036710066024023447,0.01544728852895506,0.0066635292345047625,0.0075938275164857795,0.007033731263135191,-0.0027074908973529215,0.008136315320775835,0.016813716151121403,0.011520718398530843,0.004334883169118391,0.021017609188204753,0.0018563447257374693,-0.007973556897025067,-0.003629528569171132,0.008311030797708747,-0.0013158726078016272,0.00010090417146968347,0.00829783212889691,0.0010317289733939741,-0.0013255154202637988,0.0024415024964921854,-0.0012404218907431741,-0.00156656162691479,-0.0068949715887329415,0.00251138348684335
684170,0.029917096734754435,0.021001777048353196,0.013266818386972086,0.021885926522949597,-0.010751030149364566,0.005147115397064145,0.006215753347976272,-0.006802208554539862,0.017528397077615922,0.009160206804121832,0.00895422283157232,0.005063549758361001,0.0057813647489170505,0.011402208218743796,0.012651309929856094,0.015883282180370342,0.008311505180397123,0.019542805747217163,0.0011552602177454527,-0.011314323921744831,0.0024980963384837605,-0.002430963332292806,0.002178419312833517,0.002350046624037917,-0.0013214069223474545,0.0028042120890635932,0.0026609022783913522,-0.0046255520903528535,0.00036083157213417607,-0.007352843790744933,-0.00038921048827364333,0.0018268888731069479
947483,0.032556232920495615,0.023443787181696544,0.013053744133107663,0.0008694575294932266,-0.01006091611746992,-0.014203822588817121,-0.014632231696428103,-0.011450539470661771,0.007945632696961575,-0.0038667805647363647,0.0011229971401146418,-0.0027927180871766366,-0.0015078472587336598,0.002582501237623751,0.020134904517712413,-0.008700700273386949,-0.0017636077429687802,-0.016834222259597274,-0.0018078314178879141,-0.011111432639173406,0.008467262218274608,-0.0006510280088837213,0.002984920509445515,0.0030619275267101498,0.005667041966182257,0.0017813445449648435,0.003193502494690512,-0.004736394895112074,0.0006486683860588146,-0.006993528576876447,-3.809300449621875e-05,-0.000727004462381332
155952,0.022656334375261468,0.016859956323479728,0.009787463403010283,0.017003701650639653,-0.06674917874976295,0.007310065435336936,-0.0008739896928419991,-0.026677830794188832,-0.01994310213146664,-0.02721395140920656,0.009008495756507962,-0.004978678340375765,0.002052320558176335,0.010061194832578805,0.00749111290774761,-0.010605958055520937,-0.0037232411137788405,0.00988443861516478,0.00887194003238017,-0.007599896934151249,0.0015802846262982252,0.0030553006897208615,0.0016417207396973485,0.000957992365151758,-0.0001883811885985125,0.0005566466981908827,0.0019089929527301677,-0.003139540560953303,0.0011820939244396162,-0.0017789315342690622,0.0036274620356580556,0.0026971513130369493
223184,0.023184630419058806,0.014266850434285588,0.008282033888168786,0.019419932423321604,-0.07398162546866224,0.0028080041999775716,-0.010614093245079451,-0.020928477818437444,-0.03669039986069527,0.001979590790137387,0.008148357043785536,3.39407856224302e-05,-0.00021171389470949948,0.00870011930671564,0.016527426700323398,0.01907867517017023,-0.0007648596897806549,0.01433056664491858,-0.0036325434405214342,-0.01149167206240868,0.0010174121214449265,0.014667033099802647,0.0039685184718791944,0.0036227128063479786,0.010769587091126097,0.0015202385528530703,0.0024235266917590637,0.016297248897788413,0.0017074744086147127,-0.0037303250481455297,0.005474081197989843,0.003210118801150408
2134571,0.032220842674641245,0.023479363649753414,0.013324917904440162,0.021553573072625662,0.178041475268206,0.0062406496225875,0.00436402776571158,-0.004606626290268808,0.01710937933600308,0.005558913295723899,0.010522117647070048,-0.005341684298824813,0.0004000303908403197,0.011753077793614028,-0.013564505707035981,0.009067151887647893,-0.0011818330758297374,0.021771128811543385,0.002021374780175091,-0.006359250422357919,-0.000453916934187962,-0.0011464888108814798,0.0014988591167595484,0.0036593903524994977,0.006828348999250862,0.0033242830825811467,0.005079376447214488,-0.004923627409295652,0.0008553979385525996,-0.0048608693951400495,-4.0476020238557504e-05,0.004825963199532355
1606802,-0.03893566303763807,-0.03110176768288256,0.024390647841744727,0.06515694224435814,0.024061638574154887,0.03431241028601193,0.026135675967845724,-0.0040957589184478565,0.0049825001608469624,0.007813919129161814,-0.018873273020735503,0.00951298652542429,0.008985378218995605,-0.0206699340882729,-0.009476377690663534,-0.007199124595131809,0.004595756947320527,0.05265675827847108,0.020805311033751047,-0.004481061669609668,-0.0014797793504164694,-0.0010713669875449207,0.0048056690637782755,0.011054192655736966,0.0034373529632897803,-0.0024345640972395504,-0.0015823597620141046,0.0015354446822964862,-0.00024066484965571628,-0.0029479403846877183,-0.006642944184907116,0.007674460212466932
469877,0.028181462424515174,0.019520450974804694,0.011746281627387539,0.02076310181702762,-0.021330652014422705,0.008720912897249003,-0.0045669617748592,-0.010993438308676032,-0.0035881500827333445,-0.023026045181204498,0.0076121040003081465,0.004886415079094221,0.0039460858037402005,0.008987165467561821,0.0205844605038858,-0.009517926650858528,0.0032976757154874288,-0.009849454781148249,0.012008411971842011,-0.011963317019826301,0.0013185936318267813,0.007770506295885463,0.006156907685783281,0.004895795362350774,0.006853098563827153,0.006518814107152815,0.005319589362939583,0.013548526615055402,0.004728358320860205,-0.003934849603849088,0.006971470831905731,0.0017891602437978323
294701,-0.022329433933432587,-0.0035397378583729633,-0.02765503110177041,0.0015573216937974537,-0.06699103087109234,-0.006667590384504751,-0.00897576213417326,0.048463221641408843,-0.020639738685501716,-0.010364797008356226,-0.00852374403548495,0.004056607436057716,-0.002042794060018178,-0.019101811552095904,0.045474998489233004,-0.010868864958842218,0.004463809103531165,-0.005343602817656708,0.011142926984844675,-0.003302332602874554,-0.0031361194235139367,0.015424187202288834,0.0008954180479410191,-0.0014609937021346831,0.012385370887031889,-0.0017703453516533438,0.00010905192260360214,0.011003704921630341,-0.0012781617874058073,-0.0016329908092382378,-0.0020920336951925013,0.004831948196977746
1087690,0.02887241712106154,0.01886698101948849,0.012133570708196557,0.021188314917039954,0.009935675286918617,0.008910013213063218,-0.009588096102658214,0.05487571019521909,0.00647836838596923,0.005577633567107352,0.007727725303945371,0.007761015379881916,0.011297735787401222,0.010188326125032812,0.028082360680224558,-0.021444595815762996,0.0011716401195442522,-0.016335927078992007,0.008700286112645022,-0.006934597118423772,0.011153315318354767,0.013847702444690052,0.0029609017203999412,0.003233792597311489,0.011606186270898544,-0.00024212839917869033,0.0008074340061616684,0.010652774299745774,-0.0030211966444858226,-0.0034101604410057456,-0.005762500093027444,-0.0006402107555510526
277960,0.030311428896802873,0.020632579519209052,0.012599855557129638,0.02046862995395432,-0.044764986613562395,0.005463130717539416,-0.006115725124664684,-0.011486428482747302,-0.014297651732405693,-0.009609125201586794,0.009594843004575571,0.00255823655282425,0.00434612040539273,0.01170477001808844,-0.018688643669315316,-0.0060668079300311905,0.001319720229278563,-0.006508839464276262,0.0049841220917154015,-0.009294642901532462,0.0007611999111499857,-0.0001201079828633224,0.007303878391366065,0.00844822894270231,0.008688643443552576,0.013418645867299012,0.008370851719990642,-0.0021655152683684336,0.004385108262546755,-0.005450029093206392,0.006326749227154188,0.0015585272743989286
1088495,0.032215282645133535,0.021618026344573684,0.0101551064573637,0.02081949066731536,-0.0021593517403199224,0.008940253856745564,-0.004776334524590093,-0.008908146141882468,0.013395642001072837,0.004626865321054227,0.008734757358320064,-0.005086982876764397,-0.0003367723052329972,0.011153885949715723,0.015218018085601316,0.0012599132175011931,-0.000331713235230466,0.030486800068284973,-0.000405817810352542,-0.0065508729735294325,0.005545205110729706,-0.0011524704832478134,0.00047380915399798234,0.002519667119610303,0.005299806293253827,-0.0005244227435412971,0.0019985724655139513,0.0010796062891126937,0.0003743884131841107,-0.004040396621630509,-0.0026665919637998943,0.002491973471086983
1509206,0.032376358715617344,0.023148713418301898,0.013643973399943988,0.02138233830224541,0.02053468644973741,0.011115384253359718,0.014678693482427835,-0.0023617159581176264,0.022439115539244336,0.008121196292828868,0.010060996847809126,0.005890221559130639,0.0034133868819630386,0.010715778385442402,0.0018796196797170245,0.028918774058866534,0.00025293474651768406,0.028413874631342057,0.006308928663977142,-0.004071908489156753,0.007047852585846962,0.007704659737183857,0.006130457868324301,0.007685610270516155,0.002856276531449879,0.00486432146230712,0.0034091862168615303,0.013038968621892723,0.005975726332936786,-0.0024335042332814583,0.008975176641830163,-0.0013750384084999959
2173308,0.029722990869291005,0.02132355287105987,0.011362643048116497,0.02111253425622562,0.15253736287901695,0.007196846275611877,-0.006703729514464774,-0.001794421296300713,0.011917961149977844,0.005802647896790829,0.00972427001319452,-0.004651818254327242,-0.0005018096157352126,0.011492580659507297,0.012886120169353267,0.013222281315187994,0.005854799187926913,0.015148422358017975,0.003367041837298537,-0.01224171358875005,0.0033619881499913607,0.01014506814767089,0.003000029415950827,0.0036012232023076274,0.008692380383224863,0.007057704746447141,0.007599452890309298,0.007921830573400295,0.003555987304949611,-0.0023351752508015164,0.0031549589355365296,0.002090805571808227
621370,0.03343411901222708,0.023358223245175256,0.012372534779337589,0.022521033102720033,-0.012677375805794403,0.010275974418067836,-0.0057266478780441405,-0.0047788433054999175,0.013697574337470826,0.014523348631818369,0.010232642686143777,0.008367033936522932,0.017177002084583313,0.011953911623580771,0.012798947924554284,-0.01724196241058061,0.002741153132385891,-0.017808334068197547,0.002703897968596059,-0.006557246393054636,0.0037276754371640022,0.005660812989295734,0.005236243526796754,0.002306515188216874,0.00530648462157345,0.005240394006240771,0.00617287035495464,-0.002566594404632607,0.004911902033323051,-0.0014991474627742184,-0.0035065592501036798,0.0009582185797711182
763677,-0.025371777299674474,-0.005687506652851263,-0.00598166814547959,0.03301997872400537,-0.009080097928794844,0.014472554229848937,-0.010997419391243556,-0.0012687827993571087,-0.0020226058774703445,0.011612883944593519,-0.02243431056612231,0.004451314912821394,-0.0014656012531291097,-0.033769065101157125,0.02849722333808808,0.024152270120965262,0.0005535639476270146,0.037959737555038835,0.011447874025925535,-0.002776617020147696,-0.0020124767602480755,0.00918021209958047,0.004192642142135641,0.008817957371362907,-0.001933032224510861,-0.005515014001826715,-0.0023649309916571925,0.011496132915291073,0.0026000635999318257,-0.0034128647592573365,-0.002251583338376799,-0.0001261511128766527
934410,-0.057131469245810064,-0.024608301560222243,-0.040013740533988,-0.04956448259998755,-0.0005800444848527573,-0.040346797616255516,-0.004910179828128306,-0.008662659591170546,-0.015462740080529336,-0.0009714045623633706,-0.016409212672043417,0.00674530842588098,0.0012741467522736068,-0.029540651381519,0.0005539110091809753,-0.012138218865880786,-0.0012290403622767913,-0.015300946162295078,-0.0009628218798731125,-0.006305575513784363,-0.001484268707351125,-0.005600771909101742,-0.00025968443671247726,0.0012079747391464464,-6.317923348409963e-05,0.00235350103940317,0.0035655307132505688,-0.0029667894569547566,0.002603316709843232,-0.0023202932870414216,0.011269870667434246,0.004698311002678632
1255787,0.02749984551160446,0.020316373085170703,0.012100995336497403,0.02159308960216538,-0.011532507879628071,0.008949105475712869,-0.0035882163530236533,-0.007441862473943201,0.012272181567785789,-0.00028021547181240257,0.008224973163209387,-0.0028466609742346873,0.0026895380144845576,0.010497527782834042,0.009568217770967285,0.013051117669679129,0.007336000831134172,0.019441398154700387,-0.004617644014233518,-0.005634098066629402,0.0042492275149211,-0.0035120818819089827,0.00282830555605436,0.0017832069354664624,-0.004126144204653881,0.006639951100131548,0.0028626613307623987,-0.007221892875395781,0.0028562541490993335,-0.0054924209669495105,0.005525141860980641,0.0013558708647043733
364189,0.02978355622544405,0.021190719641746212,0.010938179665165308,0.01989457092775155,0.2114956716568199,0.003102094152199793,0.007346099053517442,0.0008769665439850536,0.008994885033829437,-0.015387658523423237,0.008960575780575963,0.0014148849334840639,0.0031032981150412448,0.010862794486284301,0.015112831847696934,-0.007605985319368326,0.0032960245582213613,-0.009943248317912313,0.005435338605049678,-0.007958350152743526,0.007007733300014846,0.009085153045629006,0.0027580040738521563,0.005135063076106795,0.00822902831814027,0.007565735654874068,0.006873512554249142,0.007238335098538996,0.004916088588469756,-0.0024706437453414077,0.005823117456601567,0.00173282926472178
975474,0.02982246056295165,0.02090844197815527,0.012261408794595693,0.02134485474355434,-0.008961142168722867,0.007381692372934261,-0.017708608763386015,-0.014161087307317721,0.01277436870930333,0.020220307659427512,0.01065321268670575,0.0028974638462687867,0.001106489081411114,0.012079124931328173,0.017157847948608983,-0.006901270301712907,0.00015835718576653356,-0.017578276769530655,-0.005695860986069011,-0.005563675902152109,0.004327174749639524,0.0026214947478969386,0.0009936343244011355,0.0008122607930409189,0.0061816330244794096,-0.0005218754383221599,0.0021012021315178022,-0.002556395456881103,-0.001054372204649673,-0.005254042342836141,-0.008112900135799064,-0.0003821741373592711
659071,0.02843633784265703,0.019047987639632134,0.010103839343253205,0.02192060281083516,-0.018541920584031823,0.008829456741201265,-0.0047903596713055946,0.004528077187112535,0.010153467146563552,0.024424189406517256,0.009146120339077534,0.007353242155287068,0.011773011608826966,0.010300796454189102,-0.03595466587490297,-0.014896316703734824,-0.0003394457554456273,-0.02452476695249046,0.0041333528875209195,-0.009948085084862392,0.0008491155928961737,0.011402486938404706,0.005004686179595893,0.002386523954801201,0.004970235271731312,0.001146136357703987,-0.0002509851490037164,-0.0038610714348172384,0.0002547415054801537,-0.0011883847328654463,-0.005761245032946696,0.0033811052769337677
879070,-0.14155334260701402,-0.11052739881274563,-0.040897108667596854,-0.015272078203619836,-0.0012787243168806853,-0.020449051328616324,-0.007958579769004116,-0.00046985684485086716,0.007599112508582349,-2.881645978678914e-05,-0.05090805076134367,0.002192205077091356,-0.0012968771888475321,-0.05548332630013177,-0.02386695042973314,-0.008802095972652241,-0.00012045853092655678,-0.014651626566084664,-0.00011863589462378825,-0.008688703491050241,-0.0009779771124171085,-0.005746376267771684,-0.0031633677610654306,0.001605466663501017,-0.003564924012071182,-0.009796856236422619,-0.00961030742239641,-0.0017311488647174264,-0.002576883503870933,-0.004988740663094362,-0.0034284733066502534,-0.0030620149189025734
1642297,0.02843532154963911,0.01935160871325475,0.011267795106892431,0.02323460435958951,0.05354607570842926,0.008226198169233864,0.0003413048270130389,-0.003993502595873544,0.01982646520369841,0.005655520479007122,0.00737557165038214,0.006821216871499628,-0.0030402935523906193,0.00962563203109013,0.01709592534915558,0.005129051780456752,0.0011203865626755007,0.03568992621776304,0.005571964357932642,-0.0033123772195719475,-0.00013918407417143545,0.01371728325662584,0.0003367958876410007,-0.0011771406100612493,0.01174412319586218,-0.003978584927724901,-0.003982365913195228,0.012609107267432794,-0.0048339256034421445,-0.0006930093714957716,-0.0018296734139166121,0.0037709080289158236
858025,0.027914055143225227,0.020587420245753163,0.008764779467028114,0.023964784839146862,-0.013820892497196851,0.008242259285133176,-0.004858310624678773,-0.0038958338147677494,0.017083981148263875,0.012582214193067487,0.008453633638674268,0.011135172285725201,-5.014112124891624e-05,0.010266547811153603,-0.023923634912004374,-0.014609421721691523,-0.0012238547539245887,0.037486938039878154,0.000739499057243541,-0.007815659440111537,0.00016684333125658343,0.013210840717407944,0.004190024706101551,0.001644893810298868,0.007695310630326397,0.0011039381624404624,0.004847435850013894,0.013094819575774023,0.003380591268216318,-0.0004242354290940273,0.0072712259613171085,0.0025039263373622172
84063,0.030011388850374823,0.020649914913872598,0.011878286988563863,0.020295381591993306,-0.06718755538969637,0.0037363011283308815,0.010053440457218408,-0.0010248275077019962,-0.02658404006757612,0.001018088913234772,0.010854587005889661,0.0045575616482716975,0.0016978532501177356,0.014166149788217078,-0.006794385228492098,-0.00441898767181508,-0.00038261360114371507,-0.009494957473075055,-0.0001548362961944318,-0.014728974959366046,0.0010871504023631177,0.0035272983583775905,-0.006570725212779743,0.0014727942984215415,0.005605405155864728,0.0021751626357247077,0.0002948270367786681,-0.0015509011329249247,0.0002029341427673448,-0.006769926183546731,0.010612529205018434,0.0024875973511114496
2180583,0.03432026445851108,0.024557390984383202,0.012543253134944228,0.022168804311291212,0.1741011428441923,0.005772660332343969,-0.008141563999631177,-0.003226561570751011,0.013578839666922164,0.0037648235160184463,0.010204032605064453,-0.0026576382178439746,-0.0012597857759730797,0.011967003815838498,0.0097393475510615,0.00995038362200572,0.012799758173543431,0.015093126395793745,-0.0017625321079756007,-0.013532273187193095,0.0043040440390328,-0.0036714392643618114,0.002098009304663239,0.0023439135576375164,-0.004064474620783399,0.008298427511117387,0.002454865388262988,-0.003659687726229202,0.002775634778717065,-0.0065421747573840925,0.004072350702490204,0.00246212709002694
1803926,0.024182222497481455,0.018245469591226714,0.010123684768835425,0.021232608758202223,0.044942821103540635,0.008411333394870183,0.00023920617080393756,-0.007205409691313427,0.012385313712172427,0.00275611425633882,0.007418877498275393,0.00551471097770902,0.009347026255625692,0.008705093301904405,0.011286724764393732,0.01820635774368673,0.003444277916289265,0.01966372020753822,0.002819820344538229,-0.0044243291001659964,0.006038354112561164,0.00873436521825122,0.005376492318219151,0.004069998935138789,0.007584132264288833,0.0017680490309932614,0.0028650207639845456,0.00797070155529914,0.0015558174257309914,-8.696354770500696e-05,-0.004981659223488191,0.002152353758661325
170828,0.02918061880139968,0.02096810518557084,0.011890462882231907,0.0199382208836471,-0.049751549434442516,0.009761628518803196,-0.004657936290494982,-0.006624234179357232,-0.02054792537938254,0.016470970486392983,0.010176763075700259,0.015577835619658085,0.011126466444434211,0.011470018765507031,0.005219537831613274,0.002636235821551874,0.002058349081144418,0.02337602483076488,0.006862217235515277,-0.007252688442917059,0.007558352218703051,0.0007510223337355625,0.008841025212747228,0.002672942956962258,0.005036197628567396,0.0019012573234991322,-0.0018617208732029126,-0.0008896335661587826,0.0014945802690237702,-0.0034405890612945146,0.008176181170306355,0.00548483017239609
606680,0.0322781735726472,0.022004683594153494,0.013293073326083945,0.022994068676762826,-0.04051458751543307,0.005121443150380349,-0.013513105124782144,-0.010134570781663976,0.021533497819275924,0.01294961344642696,0.010055330837430761,-0.0014607871458833075,-0.0025475320362906475,0.013248567489054853,0.004202225521889294,0.00957615565145459,0.006067825203383786,-0.028973591204523152,-0.001348371135038417,-0.00779253787901888,-0.0070944829842622785,-0.004111345368416291,0.0039329308073177945,-0.0010877712454019253,0.003396017964530439,-0.005282844109831103,-0.0009644357001784306,0.0024936859591137466,-0.0032248624829364953,-0.0032554990561053476,-0.009859843841356901,0.001986607810522227
928080,-0.0588870212873737,-0.020918081553129828,0.02802791239286846,-0.10359196764894994,0.002762381401249143,-0.10075367478196273,-0.0011720950783821584,0.06352574756694236,0.011649852286460104,0.022406692269358538,0.0027751043031038537,0.006316300493267961,0.001593961962637674,0.00506806825842581,0.022692347705351768,0.0029101996446687746,0.0002919517451095619,-0.004625484250068611,0.006411478055176231,-0.04646857145010998,0.006758627173475136,0.0009613276822601157,0.0018005014801543802,-0.0004295746493100482,0.003604039777542995,0.012410005553927114,0.006309991372638763,-0.00043664659516680967,0.008265686156017533,-0.023845806679361807,0.004876041431435683,0.002184467691175355
363382,0.027513029405482826,0.019004752663389107,0.012511303982120199,0.021018313502320553,-0.059783548652665754,0.011745189971134181,0.005309383774565535,-0.01976552043995347,0.009757797310764402,-0.03152873021049291,0.007335341455340476,0.0019496337873441687,0.007001242295445454,0.00989254718900179,0.0070677710251600976,-0.016167733586730418,-0.001105935784731948,-0.015038677520242587,-0.0035129297217839145,-0.008184013905781697,0.004271861234769506,0.0019376175625014068,0.0011273427049145915,-0.0002975880748137152,0.002472450381295609,0.002778224814440647,0.000470489291414337,-0.0027982403322881675,0.0015295657868019251,-0.00369708303492567,0.003947371012673868,0.0012833346803281815
259940,-0.10134537564877398,-0.07368208069142121,-0.031593995249918246,0.007274513851680299,-0.03938691940502354,-0.007112269676953899,-0.005335669743463234,-0.00596716411361054,-0.017488162496887283,0.00822273352469689,-0.04256916193504126,-0.000385233417633513,-0.0019690827070341023,-0.04678966696582079,-0.024657872772601997,-0.008628470463094312,-0.0009746811066490657,-0.014217692443414696,-0.0009128429532294621,-0.008384826888543764,-0.0022586172410711757,-0.009051808528696165,-0.00371688954241117,0.0019103379978050704,-0.00897763608196624,-0.011600195476815315,-0.009181765623319264,0.0015437735218707753,-0.002010574574385391,-0.005373511627489177,-0.004477221596736113,-0.0014314479485948337
2035581,0.03164763364716945,0.02019860678879769,0.013839087770649338,0.02048264559486772,0.09248823875010306,0.010084083874765382,-0.017052122728952224,-0.011285884151818,-0.04192546501775257,-0.00022401625780532706,0.009672246843248663,-0.0027295854659413177,-0.00030937565718413765,0.011131335910946314,0.008743658956017086,0.012763028604494618,0.003913292548037386,0.0142693673900999,-0.0064043171531970216,-0.011249626562164593,0.005663769165412982,-0.0012617027692304512,0.0037712413840594477,0.0025780128333644592,-0.0005103425316915491,0.006854400660622784,0.0023863137826793733,-0.003748258389864435,0.005115805936628613,-0.006669438813595458,0.004461072671952224,0.0015554581779837074
2126008,0.02941969380911942,0.02071431327657968,0.011739292859885855,0.022351244834804128,0.1325950780443617,0.009471984325510018,0.046834618192980966,-0.0012574250017244584,0.009120670780588787,0.006487700485326938,0.00911193433069054,0.005278338306179418,0.0018786968844739457,0.010458718072245955,0.01238403114230283,0.013992452670376968,-0.0031601424276709094,0.018498957396194303,0.0031140964855743804,-0.007095136736868243,-0.0010064820528064293,0.009646339903907383,0.0009735623816664772,0.004543757572121487,0.007108212875945647,0.0034293967172572696,0.0036463634117567204,0.007783922068215297,0.004470193774678641,-0.0038601600289501123,0.005698246740461168,0.002519095162012364
314184,0.028325363937657787,0.019770441206284208,0.010776783298189077,0.02008012199610656,-0.05079002257884779,0.007937453421047132,0.003819785261841328,0.011845414945856912,-0.025432722085280426,-0.007694026718903453,0.008957525369348763,0.005315818163534501,0.002322597074500178,0.012230471902195653,0.032359701464730876,-0.008689450449867377,0.0017074837636013155,-0.01932936144008009,-0.0035080346096231308,-0.014117649170959493,-0.0001935339379474583,0.001102535309676466,-0.0025456117034888823,-0.000892589201075581,-0.002436469955401475,-0.003076944808606747,-0.0018280225555626305,0.005888534208305115,-0.0030578739083492222,-0.0022703830386797525,-0.0038986499992474583,-0.000418816864524062
1783366,0.02685689143070986,0.01981906015445417,0.010511707101513239,0.020995829332159117,0.034293168598729384,0.008490171298525397,0.0135255623460467,-0.011034489895601022,0.0170715665926293,0.0016923762794230262,0.008447684013812575,0.004618446195824178,-0.0011108980183452534,0.009769796007725946,0.015288108876245508,0.018256767658037784,0.0082393128288874,0.021951005485934882,0.002616023917972684,-0.0063438083020397615,0.00019192473304301241,0.011224081992912192,0.0039075512226862605,0.0036335311092510073,0.008138250350337663,0.0018845900648110443,0.0009932137636315258,0.005540267280551063,0.00045260884262252114,-0.0010449487556940002,-0.0035830005749433818,0.0033585126013362366
184304,-0.0784415288459286,-0.046787470355632965,-0.03372805334640045,-0.026209485511813704,-0.04032414929759303,-0.022747611571256154,-0.011379339463729092,0.0012515579074466223,-0.012206664650483257,0.0019022482537807389,-0.030863881751003266,0.0009739780920531801,-0.0016907125301238916,-0.0376994790412431,-0.025616512997118854,-0.009076685768345038,-0.00015203649765559957,-0.011143738754211308,-0.0008520765923726195,-0.009320651454285738,-0.00241616134145942,-0.00947084146170854,-0.004365727226042603,0.0015328769980595231,-0.007115413026185396,-0.010017837017171176,-0.009547462384546264,-0.001577273272723616,-0.0032048899807185214,-0.004026392185847083,-0.003307748760920452,-0.0018903279568263664
145479,-0.10365820774648589,-0.07358193854133054,-0.03976563192364054,-0.023390819305279878,-0.031656749328459646,-0.026741000962209396,-0.009581688775844277,-0.0035139821833645125,-0.008015904341185901,-0.009743538373905439,-0.0453429318418276,0.0010817940257005433,-0.0009402180358946353,-0.04833768073646446,-0.025161551996718618,-0.009505946318914757,-0.0001254760364798834,-0.011349429506868881,-0.0011226008334894223,-0.007669094629842234,-0.001629779633167559,-0.006975968105279359,-0.0015232797054080367,0.0006167530576300592,-0.0050528129495414085,-0.010396426835601514,-0.009394969921945991,0.0016470189650958293,-0.0017366848856134646,-0.0038103898026203994,-0.0033036547377250846,-0.003366562928342208
2048667,0.030150553910741038,0.020454087035472784,0.00945596715357943,0.022319318415752354,0.07753665581833688,0.012600672734976335,-0.0004636773954980168,0.003928697133885486,0.019373518920825145,0.008511169503221507,0.00823638522634847,0.001141408067264855,0.0005502793582119619,0.010320266443029765,0.005136416954125339,0.02101933112963144,0.007070508471606951,0.025745713188334705,0.004799908682652886,-0.009912266288799966,0.0022656658975097866,0.011566943385625751,0.0037470071313871122,0.00390414818499238,0.008416469739005797,0.004471729268388434,0.005342197586899659,0.009187127586482897,0.0003477880728775775,-0.0012663414294186506,-0.0024666378328499798,0.0037297368233937273
1703374,0.027836466739628214,0.020048066207947236,0.011311171104583956,0.02127684247489385,0.034616400105123006,0.009482887634705962,0.039709196240081755,0.005397395898468931,0.015512609145486031,0.010380696753569013,0.00770477417127109,0.006134964830360226,-0.0018028715644046575,0.009798724498432962,0.010964178430100228,0.015748904846278503,-0.00435878438519833,0.018423220225913868,0.0030734416703761883,-0.004262850764355699,-0.0017089239301808594,0.012805724387344673,0.0036374982518667808,0.006328796643533819,0.008758809745821954,0.006588286272216944,0.0031984076871229413,0.0038082136865413016,0.004439723792432687,-0.0009407026610898737,0.00017043659864289954,0.0014906247495145206
2141163,0.03461494696861994,0.024245084322619022,0.013915078965768175,0.02272807414009143,0.1612525006426794,0.009806443148395176,-0.002945330304864823,0.005454599374691731,0.010049593928908612,0.01383052795215953,0.010798271036271193,-0.0017879389829340822,-0.000333028570345308,0.012368817696498224,0.009302467586931791,0.010435272331833414,0.0002889032307634517,0.01535903962111576,-0.0012557263025852001,-0.011857458654041968,0.005202022823491468,-0.0033970149766974606,0.003025131034202558,0.0029192132003052302,-0.004877807364971313,0.006644907704930311,0.004155203006179814,-0.0031495423096280792,0.003765400995622992,-0.006397279305508167,0.005154482292008264,0.0018248734460792782
1447654,-0.0948555780592194,-0.06159436559146941,-0.047486138086023505,0.0004954877114168608,0.012346360887414524,-0.011483376957810501,0.03145977056700877,0.041598458852469565,0.013517234061786638,-0.011780455614093313,-0.038362339287584646,0.002804292372302645,0.0021362271541927884,-0.05116525309382357,0.002757432879546063,-0.011470924070307979,0.0014697047552742156,-0.017981641149098216,0.0005012495207881836,-0.008362356333256597,0.013667528019620446,-0.005425137589182711,-0.00433738817955779,-0.0008746975394246587,0.0010915406897437257,0.0017569049921895283,0.002428158288413657,-7.440572171560479e-05,0.0028496152566857146,-0.003947284243099395,0.0008585296781544021,0.0054211542747420495
1880473,0.03044583745717188,0.022605096069678723,0.012742736641079652,0.025858223184328014,0.03195489828527185,0.012084883779153082,0.05238437178859936,-0.0005777901995182251,0.017224101786213798,0.004023087707650439,-0.014988741021388585,0.015086443561667108,0.004986547347103652,-0.017689263258942375,-0.028756438444715777,-0.01546471821274416,0.004819047113586117,-0.031057351905840767,0.0010776967747934793,-0.008560950227627775,-0.0014315793229669356,0.01589710464527415,0.0014464286271947179,0.004639787366914785,0.001924059366068548,0.0023810783930847284,-0.0035333472475750135,0.002145660567383488,0.00015686223235300328,-0.004564745807779157,0.0005502336951424347,-0.0016597350126223126
69227,0.027834683546378886,0.01926260899884993,0.011844092946087983,0.01862004956222193,-0.10413267732750134,0.00710051191734776,-0.0017710127733475793,0.0705300329857292,-0.03873524013954623,-0.028707315810519815,0.010923833527251639,0.0023942436504252357,0.0017698506754612606,0.011715807368734702,0.008868718486793636,-0.0040492220909128665,-0.00030677902335353,0.020479977149011577,0.0038737921687905935,-0.0021129699211120357,0.003468587453772453,-0.0004521537698135974,-0.0002100930249837589,0.006049191597315883,0.003845978108001635,0.008295304589986454,0.0038888262230140132,0.00017857357801244993,-0.0013779415764189798,-0.0027823692035937072,0.009447504850546837,0.006044277578998702
876695,0.03204019427145168,0.020835803851323734,0.012237224420538585,0.02002917312718391,0.0009381730662251884,0.012108623403533058,-0.010040029597431652,-0.010136450750033296,0.009534658849882796,0.0037161725975995226,0.00951773970115011,0.0014055030185000698,0.014789306131248244,0.010489581441745308,0.016830793156689658,-0.015779533770675015,0.006950932061351375,0.025215291337217244,-0.0016233649559630051,-0.007077502201444639,0.003365501909795325,0.006066560273395933,0.007926020648929919,0.002572931624618074,0.0014939701733615632,0.0007829001275890038,-0.00037907657619141213,-0.0011664997742940665,-0.0023335461168076297,-0.003649726403312085,0.00878430869868335,-7.61600173919543e-05
337010,0.03347880034264922,0.0197290226690228,0.0119157514094412,0.02107254883494706,-0.02360463795870967,0.009181423544588802,0.011176582694683895,0.053083333780219184,-0.009708852243623159,0.011859693551781531,-0.002084057749980069,0.002967086228048928,0.0024831887571057,-0.005106231833369901,0.028049785717506912,0.023428691795514222,0.0008006913392277579,-0.009918477144713049,-0.0029339090800871268,-0.0074235637362957555,-0.0006118273652539931,0.010096011083336168,0.016621033423624823,0.003966047704037128,0.006222517824576088,-0.004097767652972309,-5.0960105741577976e-05,-0.00032092372485281,0.0004986739730804883,-0.006287308682797748,0.0013532591593567208,0.0008562094389583972
1934104,0.03252996703443426,0.020381813496931227,0.012910334832983702,0.023192261745064856,0.07511673385315432,0.011379024245823289,0.0496270791610057,0.010487840846307954,0.00950429061675119,0.007149944328265681,0.008979380626390851,0.005945893894129002,0.012108130526052587,0.010708759723097538,0.009497390801666715,0.011845873937658085,0.004335504921596435,0.01953879512713986,-0.004992704083537089,-0.008772464061974784,0.006349930126069022,0.00910181393716941,0.0023072860875772722,0.003617723870197322,0.00855033902414943,0.007439318207199411,0.006740964350056304,0.005801362741812424,0.0044743690941542805,-0.002086706654928285,0.0008339768186533904,0.0021252404566398193
902469,0.03889106453555875,0.02520449215825944,0.016549855655777136,0.0035804808414972205,0.0045959746799900175,-0.0018421938171056956,-0.013046030149018301,-0.004910029094948592,0.016157967595107167,0.020198687757321077,0.002708790384206873,0.007823052898219012,0.015298590497941538,0.002516820070379392,0.016866349200253893,-0.018375348113651838,0.002657554955100344,-0.017547022322161203,-0.0015856849336621638,-0.003155238111088607,0.02084980591437883,0.012614435689285181,0.00725028311930259,0.004255579982689176,0.002224987988560764,-0.00027692335434178117,0.0026013335472243448,0.010823368080242085,0.0020918621086739872,-0.001365746735609661,0.005725170603775059,0.0013070073938436838
1603269,0.025129263138604238,0.018562724662167854,0.009652654007441397,0.02074028695814661,0.0033109278428033457,0.009103083372452463,0.023486764487688206,-0.00409474431305842,0.013379469375500448,0.008154859311095233,0.00764210879219852,0.004091864149231049,0.0035962380738753246,0.009146663919684883,0.012064681958922662,0.01374873391732738,0.008577259778083372,0.021020803192916385,0.0014035384202806182,-0.010537003832616729,0.006347599639723005,0.010228150223515819,0.0032652791071796678,0.003491390738788434,0.008976186045264841,-0.0020406047155364813,-0.000770100469548273,0.005051119991643987,-0.0007107299182056385,-0.0013530191720006006,0.002650344311977253,0.002204634721773328
609730,0.034591288901485565,0.02164944518166676,0.0116783321367492,0.02067163940336322,-0.011286820538021996,0.010179366991845821,-0.00427614260996143,0.04412147294414251,-0.040107034024974876,0.007246262329716435,0.010499958886761838,0.0003322254335230705,0.002118284122208654,0.011140050272081124,0.01507456070970877,0.006643447866252901,0.012273074211093976,0.021086637849786753,-0.001465056569806889,-0.009665385553684,0.0068365985568371365,0.0007460606820828634,0.0009239983860203785,0.003932866148763453,0.0022733744978243754,0.006544310714228953,0.006722457457100062,-0.0016429744651904714,0.003131720556823313,-0.003157037417238998,-0.002873120080332164,0.0008585833704791235
395916,0.028654170255231527,0.017371944243387682,0.0146620821685046,0.02088640120706458,-0.05458494427171494,0.009982907052461349,0.032836173116668414,0.04395946869549121,0.01109301800870154,0.006816117264132204,0.00800810402518341,-0.004982699133080712,0.003127123341200469,0.009260066508227156,-0.022959479068844067,0.010865608202655131,0.002565166663493481,-0.011849747949866922,0.002092745512382176,-0.005239571255002761,0.0013121454351639008,0.0066529086344906665,0.003367645565856917,-0.00023050326899795026,0.004711236155812311,0.004499328328109725,0.004136108195162955,0.0014006561709367345,0.0015540773340992275,-0.0023044103723686006,0.008196764923915564,0.00044708033782507855
1360210,0.02787508370332942,0.021071976735641557,0.013186189585839732,0.02125252159803438,-0.0036864267758415395,0.005220385873479722,-0.005219178806291245,-0.007111581866935577,-9.475946889978964e-06,0.006116007334176163,0.008687094849917722,-0.004851673390440927,-0.0007976389156670381,0.01209427106403478,0.009914847962725603,0.011251446721072453,-0.0017969289995993368,0.014673805907101685,-0.005646779479919388,-0.010983675160081568,0.0032965837981352615,-0.003345877592025478,0.0020205681952045994,0.0030764648302198574,-0.0014105944212166562,0.007253293808440178,0.003136954192939983,-0.008334683821099073,0.005215045405678374,-0.007436492373518414,0.00643184364261204,0.002253696980712984
2158734,0.029092994069429258,0.021365370924848477,0.01231647105309337,0.020918772149804834,0.14275217557949213,0.00903149460772098,-0.003937020625237993,-0.0010873011192766516,0.01634313989773424,-0.00576266152518384,0.009505109317426928,0.005931043657882328,0.0045100596290598444,0.01130083640704927,0.013666508084346912,0.0167859342467356,0.0016225842072076506,0.01813178056429843,0.005597002916757842,-0.0067353005038942515,0.006029456022867019,0.00926930118145767,0.003980165689456948,0.0008695884632006721,0.006676712307250464,0.005365997459938025,0.004968237302291478,0.006594798604882966,0.002287325025377354,-0.0019065943636341924,0.0028451902282182963,0.00297602837905427
1059144,-0.04200629754611431,-0.012462359385708176,0.017900113093114966,-0.047941037282360585,-0.0019549631687597433,-0.045359447038768194,-0.015326590336536156,0.0054193381364324895,0.008155172597184105,0.007984761515584825,0.005116171450923186,0.008210892840562407,-0.0014361275416858094,0.008854514355977328,-0.001379266842195605,-0.021059083692112582,0.0020540391041516883,0.017350152174761352,0.004763199920739625,-0.016938709609456152,0.0014218583826350803,0.0173309186026085,0.0013603164905431142,-0.0035164691415513327,0.006954579993359155,0.002038939707962214,0.0022317539666618282,-0.0029199323789178546,5.240701785201043e-05,-0.0018575373564632268,0.006269546359718073,0.006469142376179698
1581095,-0.11583478005130074,-0.08456216100100719,-0.04176422426778525,-0.070637241114822,0.02313914368919938,-0.05814854450072204,-0.012799255858914014,-0.004798080662593348,0.009603034405081146,0.0014000322283756889,-0.0410757754097769,0.007662672040050159,-0.0003299138136997952,-0.04993824752727029,-0.013204038667382675,0.00014100244441510868,-0.0010906661166661343,-0.011140864549252288,0.0015545440625314203,-0.007445116224724929,0.007532532123440274,-0.006622485432425287,-0.00092808165549675,-0.002070894600120599,-0.0019714829325986434,-0.002770999573728023,-0.002211330317268101,0.006092931852285603,0.0006466557634653355,-0.004603456494072475,-0.0033535767195347664,0.00602950172440154
1846954,-0.02842285831268216,-0.004478762011572551,-0.010598722750432188,0.018788849276697005,0.06337299613813939,0.0067941066589036585,-0.016593098610162962,-0.005119050477571386,0.005309229690793496,0.0060201905856989155,-0.008394987436328232,0.0023414837519204973,0.01594018092385812,-0.014473321282241196,-0.0003194886624361471,0.02791553860205606,0.004429670525668018,0.040042020001876046,0.005076053795042266,-0.003074469962840998,0.011147045803244559,0.01686880224800372,-0.00025215900960233966,-0.005761140008457723,0.01361533462239615,0.0027065944160190305,0.00437191898317395,0.010213279407386188,0.0002613087719885435,-0.001549810580662638,-0.0005015638902499116,0.003995810941590729
680270,0.029757285205431784,0.01990174331450202,0.013446950173142461,0.019904301035725214,-0.012504990680695076,0.0044164542201576085,-0.00011654918047944957,0.0071185311805884634,0.017237424938836864,0.013354004914620604,0.008811441692229987,0.00763625458629769,0.007655517196675396,0.010357585530757045,0.009265137651840043,-0.010523154793725025,7.688803366538744e-05,-0.019698036695558037,-0.0021132212888127053,-0.008499824868818185,0.006247967068523583,-0.0007234670326594858,0.001951126946151344,0.003444436370332008,-0.0006660881904333215,0.007475880575795577,0.0050169427376171105,-0.006220418406832839,0.004468863042672586,-0.006696787631208621,0.006274320984246751,0.000632265216372356
319361,0.02934618298239644,0.01908026250897177,0.0105843147540053,0.020901199231891602,-0.06475522540109549,0.007996651426795294,0.07131567315095132,-0.014514241218376701,0.007784945402671777,-0.012326308345859266,0.008687596592869632,0.014063329197138586,0.006414842364045024,0.010241605373564354,0.007790745383330717,-0.0033859308496233358,0.0027395573300328046,-0.008350774674720549,-0.006811211437688833,-0.008536191441308755,0.004566489174101817,-0.0002308414071869296,0.0033569735591387983,0.0034812815789526156,0.0003370180522499954,0.00834457176183012,0.0035899540612606053,-0.0002631181428936241,0.006171663883848415,-0.0026715471091813717,0.004857885105847237,0.0027969766159766036
1827592,0.026685269052865414,0.019710324263762926,0.009510085459473567,0.022439597161713655,0.04661539514633159,0.012169269068430147,-0.008780495694333788,-0.007992981944226736,0.01394965996138941,0.011356605946705874,0.00792802056771811,0.0039672338908493705,0.007017137195131083,0.009239952842739945,0.01266756615702772,0.022020995028250796,0.002662160196213121,0.021903954246448865,0.004643767724500317,-0.008348344950156432,0.001993128735719878,0.012336383878202717,0.004494736926863865,0.0019163051332504852,0.009035631221868417,-0.0009010191506083129,0.0028426886826751143,0.008224986950946443,0.00011976593816879177,-0.0015025735749354175,-0.002494630770322788,0.0020448265099923075
1653179,-0.03493002903696279,-0.013620328986997852,-0.02119285254399227,-0.0018908273861462119,0.030031548672577412,-0.022597968536963456,0.04342327241720047,-0.00529982903830179,0.012785965438879544,0.006302960958369479,0.001234401040485239,0.007766908321352181,0.0029753655047803024,-0.006765814689214003,0.026381038790492552,-0.003648506542567391,-0.0015457728476781225,0.02982944796847956,0.010077932956201074,0.0015984530889800502,0.005157303089625421,0.02334890087555823,0.003768676441042699,0.004512448144134599,0.014617572964935864,0.0019408312554576367,0.0018156021992181929,0.007392787720416982,5.5950640583825565e-05,-0.005879012690134261,-0.00068523364663338,0.005972831463845563
1200476,0.027946464539146666,0.02073682840243984,0.011191674782679857,0.02265169643187593,0.08994833208163863,0.0008879027974328215,-0.01016983248532531,0.0009177386812853188,0.006169755537956036,-0.019275175242859998,0.008797595949479344,0.0008406444670508147,0.0025056493474267826,0.010916192935137212,0.02499745790281057,-0.010551773813455645,0.0008675182085622051,-0.021680439185637022,0.010117375818362475,-0.009195493574817469,-0.00013458317353344323,0.008733777084463339,0.006416909583708218,0.0009684284960742562,0.00649099464802766,0.005692598645408925,0.00871140160054788,0.014390152466221858,0.0004274472424425635,-0.0021506158496642403,0.009435250746623868,0.0029771322029205198
150279,0.02782488541775499,0.020695454515284775,0.012159167676072046,0.019760385975799207,-0.09133769433825072,0.006010389102885979,-0.0014284152028384487,-0.014091028983273168,-0.0268752256196604,0.04488317463213667,0.010073766950090136,0.006959262048308767,0.009780654911735024,0.0114651169531863,0.01815212822756132,-0.0022538155823222743,0.011978820135916102,0.014771350395647764,-0.0007945628466362177,-0.01666183337542288,0.004529825727395204,0.005957044593318464,-0.0015168498123395984,0.005951140085276998,0.00859122843520609,0.007958908792311934,0.00891300818376068,-0.002223837851958238,0.004389667746965203,-0.004584799771393535,0.007093933166552356,0.004134992318170786
676132,0.028643336201150553,0.021680014725313973,0.014542512444359328,0.020500561278212422,-0.00826056500244597,0.008205500219456216,0.012161314802192832,0.0019411520280920845,0.014269527594969503,0.0009328524679178928,0.00926719034479008,0.001252307717571375,0.005240119881885848,0.011481794045924252,-0.01983860346920286,0.02477641882939705,-0.0018112759793734413,0.02073768021132956,0.0048189920828816705,-0.010123569832101168,0.005628719812213747,0.006762261684481557,0.00502727564653418,0.003032619766689591,0.006711032490866027,0.007702142381536533,0.00446395723964974,-0.00546226744834091,0.003550053520079259,-0.00613470812611492,0.008389703709582896,0.0030502806738040397
155703,0.02585021232830381,0.015054283774461882,0.010377020244074857,0.020824501838101934,-0.09614657220448514,0.012034550794561744,-0.002967164198853234,-0.007700553010002131,0.014307185285750547,0.010600919037794494,0.006916138655532061,-0.002940216064657824,3.046478352221243e-06,0.008640067601628096,-0.03055286975358873,0.03172934127402767,0.002143241660526913,0.020849539554423768,0.002616967316931167,-0.002087868013370669,-0.0018728498087801511,0.012455821911385539,0.0036717519105864222,0.008603110877356508,0.009526394930899698,0.0013182261530513622,0.0050373992824259885,-0.0005909825824164031,0.005600315254992692,-0.0029273148848105624,0.0010019580365396186,0.0029055056848232403
570293,0.03113057271432129,0.021535747901918277,0.011962764431013335,0.021906140052815735,-0.04369691693989224,0.005417856526464872,0.009217964982917501,0.026130933077421994,0.00933033831132341,0.0032535543579269265,0.010399506598794959,0.00813285032777667,0.0014444585789760945,0.012191382360617129,0.015184833712753748,-0.0033051916145344284,0.0018141774630086153,-0.0228938866068716,0.003260787277830809,-0.008037946970604148,0.004350403850937587,-0.0007133843439055029,0.0039738925247261685,0.0026942609858875643,0.00020870654966930922,0.009330541700033751,0.004348011865524122,0.005392685168384563,0.005141452539681416,-0.005503368945567379,-0.003735288590753591,0.0020065069653014958
241965,0.029517178359746307,0.021013080787567685,0.012786155947628827,0.01804575688479763,-0.05628143863183743,0.007509699241342392,0.01579907251414624,-0.022487892744446472,-0.03339712435091909,0.013125045032959574,0.00957946626327965,0.0018564723177906888,0.0075650376653110885,0.011196184281240923,0.007425630463077603,-0.0004298583606873668,0.003248085002597283,0.011758042185278374,0.00923508580163224,-0.010950480523956217,0.006046766622020782,0.0023486052607043432,-0.0016992084392856333,0.005497820465609876,0.004568163984330005,0.006714250868305547,0.006593693435081594,-0.004519026026202097,0.0033143888147791705,-0.006905706390297832,-0.00135272527036925,0.004190113498795784
430925,0.031753632572657134,0.02147708418455555,0.014189794277958207,0.021597250826949462,-0.04843893999082148,0.007293156608839649,-0.00496429287648369,0.04896406046849581,0.010410060257809942,-0.00306630547575569,0.009969857154525495,0.005601676723833182,-0.0009779957510933322,0.012689184017081682,-0.011041275342673212,-0.014895019874558156,0.0015070218989062262,0.04141969776011948,-0.0011712313963416455,-0.012415458987596655,-0.0032625769575581687,0.003862219957087753,0.0001350112593938074,-0.009357027486906212,0.005229266837962799,-0.01240134617968015,-0.017549123218357783,0.0003956076170986986,-0.013312656562946109,-0.0035693266889910793,-0.008599440467602963,-0.0016350321994884538
1496064,0.02528077325132982,0.017178413334547553,0.010250875067870067,0.021407989943323515,0.00685960144063035,0.010407942648318945,0.00400594391597295,0.0016079120761967472,0.012536427073182576,0.003983964952453572,0.008113024103845696,0.003497915126463889,-0.00012460125856197213,0.008699465314398035,0.011146456309025164,0.017797861995965968,-0.0012504039688656862,0.02195903712108916,0.0020887537291575473,-0.008325514190267764,0.002649669502102121,0.01051300922770989,0.0034267743320688998,0.004573063163887896,0.008341437862522592,0.0018159595430730581,0.0007484526596150887,0.005092137252536119,0.0027939305420488624,-0.0026137790040326103,0.00103020807096604,0.0016092702331259772
1715059,0.029093899691590607,0.0207297781746838,0.012879093234480886,0.021937340929256397,0.061949971536731756,0.0072520702169176395,0.0011797796807271018,-0.0013651305791939905,-0.033640333996387925,-0.005937533978230732,0.010271745206708392,0.002466053559530102,0.0024973603044465297,0.0123249464436548,0.010273461603493185,0.014507153846085351,-0.0004112447345671407,0.019428033985836736,0.005253942992745056,-0.011908882912430929,0.006581005447086843,-0.0032179076298689603,0.0024888843670264255,0.004917033418226718,-0.00031662228909796304,0.01556730036159709,0.006836491899049798,-0.005433539554836827,0.006122792905133873,-0.005733169965051529,0.00658843934337507,0.002099001816245273
1560691,0.0269038009084765,0.01862015579413482,0.01059770409930034,0.009172897511276468,0.006405868497670136,-0.0010766424870119608,-2.7135752758148204e-05,0.0008061942774692109,0.013878500349529142,0.0024114600693089347,0.00046146094836476103,0.0023517752636623757,0.00040243909762368115,0.0013994355203429708,0.01662286102711279,0.02008588890521848,0.000602092564646762,0.02254480700891275,0.003568214451841003,-0.003967268563641682,-0.001099822752859549,0.010922435084619096,0.004376040276547532,0.00727114931627856,0.010365728274127368,0.0025238261640203714,0.0012907616138854573,0.0031920913004934545,0.007049605335851519,-0.002424382602692867,-0.002876749954805147,0.0028669692681033126
1085617,0.027572928531627478,0.019221236152855436,0.012988714205076354,0.020323633524841556,-0.008383861108795647,0.008424753599079307,-0.015985701490182504,-0.01123526631924698,0.009997721834390355,-0.010859512539441053,0.008283977445378185,-0.0036813719597042945,-0.0002849539586817701,0.010883081795574543,0.011746458360815665,0.010266164081649987,-0.0007159075846151675,0.016635897804638533,-0.00043201246271578193,-0.004782884742833935,-0.0023186481874689783,-0.010994288026897127,0.000386185202680823,-0.0008327546065473739,-0.009030377050259943,-0.002702756799501871,0.0010492073895892416,-0.014169489342712232,-0.0038777924793633994,-0.004691805670072365,-0.002803889325386376,0.0010108593675141086
1444644,-0.03343496314469898,-0.008597054813730035,-0.017182227949574042,-0.0008909825052589157,0.013517173031981142,-0.012912708844126252,0.004159306476708132,-0.010197436094713361,0.012619296949564953,0.002730867399408184,-0.011858664140643951,0.004751310933951164,6.758317930613394e-06,-0.015162561864416932,0.02944625008558173,0.020873492147449924,-0.001408093097505933,-0.012381255780381852,0.002653599480895291,-0.004734798442496324,-0.0023718878130414636,0.023708377214789588,0.006325947841064299,0.005205261392964437,0.018701185730268025,0.0007789654786168986,0.003377905091464078,0.005580716822454466,0.005400617247172895,-0.001515166230816162,0.00033534822660063806,0.0029043827028363595
859124,0.02780063661022978,0.018557447036171022,0.013486668944752726,0.022228967961712923,0.00482499121550485,0.007500415779150352,0.006459965015381769,0.034789883783086874,-0.031013656683691673,0.005875611497046165,0.008585509829352439,0.0013347936618528784,0.0037573557924126515,0.008721094612000754,0.014873911856393496,-0.007955758363841652,0.004749797762699182,-0.015771013729158,0.01102661533024819,-0.007082061876653119,0.00693518462180764,0.009688681239160286,0.001326599639662738,0.0014762422582063348,0.009012324527535368,0.011861876732959985,0.006407078320862845,0.005269925650158374,0.0037602286988538767,0.0006893216720824173,0.0026536768894390122,0.00039134987913423577
1856148,-0.034742209102728044,-0.013735165375993563,-0.03062990265420937,0.028714743689256524,0.05221631677144357,0.009312336002538394,-0.016546341266282197,-0.007760470975832285,-0.023748227540682586,0.007840144390907059,-0.014226686237543635,0.011712525208906423,-0.0037009130756860357,-0.02727671280881231,-0.0031448205815043876,0.0017914688756262267,0.0009134745081009561,-0.02100979170138361,-0.0031774171818356872,-0.007175183604065799,0.027469238753469648,-0.0060514239150235944,0.0021673452365423428,0.005787260847267628,-0.0009823155867183847,-0.0018255738736518373,0.00445990073316275,-0.0031172299196564127,0.0015443121883367758,-0.003841499300550473,0.005765903766012878,-0.0010740673156435343
253305,0.029692928783460314,0.020807699428102205,0.01408169997280431,0.02019326172370574,-0.052705425459223916,0.007527397937241335,0.00529123105055905,-0.011517758903905325,-0.03358334868274195,-0.017765065388173705,0.010365155516465826,-0.003228273169677371,0.0007562684120600627,0.011007819640152742,-0.0195678806151283,0.005682109687180044,-0.0013230235690873285,-0.017690792678475377,0.010393665999474049,-0.00970427245809206,-0.004229445590773513,0.005353475951516352,0.005984318868886276,-0.002598702442678587,0.004920927476110272,-0.0031430312289325688,-0.003938181793186509,0.015356819749719999,-0.001853940596941805,-0.0034137595999727674,-0.0073484231223005965,-0.004351698414341401
912303,0.03222688645800257,0.021701954742768023,0.010150506556891072,0.02199682200215076,-0.014548054435487824,0.002807628438845485,-0.009516435989163642,-0.014596265351810507,0.012540884499253502,-0.0026805245520576965,0.01005039952284259,0.00218787054979188,0.0019599606371302715,0.011990311151188891,0.023448237746629484,-0.013402245023714541,0.00022979001763763626,-0.022268525355747658,0.01112675825214561,-0.013612342787782864,-0.00438198333670191,-0.003837926201233916,0.002084866482731495,0.0016747549373230803,0.0012319992156259317,0.0037009346706938077,0.003967546592515979,0.01106536723089781,0.001766951041913226,-0.0020641975907753265,0.01066342008135912,0.002048822316105813
1958041,0.03167458326374305,0.02140085094555427,0.011352453215628095,0.0222550321305174,0.14618587640126965,0.006906160137786486,0.038038919712169786,-0.0013815525013894988,0.010931365166940555,0.005527593452114497,0.008998059252384213,0.004536067088363859,0.0002688001502062712,0.009748761714765259,0.013072148360250642,0.018524905779315322,0.004456192629743988,0.02042288417099185,0.004949222456994197,-0.008817646086202216,0.0002862044300384555,0.008585645423302734,0.003645238860366963,0.004268571037827919,0.008253255491393708,0.004167016577002561,0.005047330950783499,0.007810171416926918,0.0035138317835377506,-0.0008746906327296431,0.0002915502890821481,0.002994768480391151
297462,-0.06791229847545976,-0.04522262596010772,-0.01994797339498426,0.0028148561185272368,-0.022327576737267745,-0.012335541557206908,-0.006801110753762574,-0.0038061874096893492,-0.014093568456103675,0.0037088520402094416,-0.016754619886546206,0.005933994244288312,0.011380308238939596,-0.02232610638828039,-0.017449088562006276,-0.005667681249831691,-3.055857332341507e-05,-0.013262312924301444,-0.0009227123309573714,-0.0053499825880852165,0.0072048518019352595,-0.004506285295477188,-0.002547824473019597,0.003217226490470486,-0.004877286510763699,-0.006471395251336959,-0.00572817981847329,0.0008439235091953943,-0.0006099211892735298,-0.0010069216146126345,0.000786159349565322,-0.0013155287499172293
1374808,0.02905714147698578,0.018632265021240525,0.012997286558084839,0.023182241414298057,0.005890037007381864,0.004891801181203186,-0.007030677145227639,-0.00814810622665381,0.008872982043497757,0.002044305385553558,0.008652251197225862,-0.0030660390412214824,-0.0014721273538814434,0.010484953907787652,0.016271450174641402,-0.021330827850602762,0.003171297117429873,-0.025380796042995233,0.0019411199520849084,-0.011650249428745905,0.002122320244212012,0.01664828351584757,0.003058228102338161,0.0010034653949625304,0.011222525673655684,-7.296297457338966e-06,0.0007305899428818197,0.012417655393494865,-0.0037066654916022203,-0.0011342960982034236,-0.009005738852077673,-0.0005996090047588404
883494,-0.07016314646961147,-0.0412867288302658,-0.020822007985440493,0.007834418199703482,-0.0038925045659928673,-0.0013693351364218137,-0.013881529114814486,-0.0005474288875231767,0.011350746556057976,0.0033675128641646123,-0.027692159855738006,0.0008921091986014512,-0.0018203399837092157,-0.0325399098451829,-0.0176417644537297,-0.013795650216959804,0.0012157268935451785,-0.02411831833309927,-0.000925757382768676,-0.006392095500569513,-0.0044041966791465575,0.016860691874563,0.007214631206453941,0.003479967510446573,-0.0037877962949669354,-0.006240956705168879,-0.0050199090829695205,0.007464393546727931,0.0002543712622199894,-0.003285553949654598,-0.0029379676437358954,-0.003044849057359853
407212,0.03175117187455803,0.020654096022410962,0.010937029267852293,0.022134883013069796,0.0016982926015019874,0.007904084477560991,-0.007585676857010136,-0.0067094000876939,-0.03829354542139583,0.015017038183513343,0.009165567959420267,0.0038908157288729756,0.005790173085242821,0.011872232493826023,-0.02467192541256231,-0.01428852148235546,0.007334977345896778,-0.016787426114166625,0.0005532139212762773,-0.010667289484169755,0.004861583446378862,0.0007233164662359829,0.005690982577390332,0.0060833358536919015,0.00360428509052653,0.008768268473637748,0.007093797083897214,-0.0027113822841634784,0.005044542456728512,-0.003790809508167429,-0.0023320760743827293,0.0008543013719385234
2140249,0.03445587672776882,0.024018073074214406,0.013043856654989935,0.02136106428279734,0.11610680668572249,0.006729191661886109,0.04852228110589241,-0.0003114826300206749,0.007415673357620239,0.004370662747551503,0.01024112562297681,-0.00029654626141532023,0.0008905595659175606,0.01248191599059867,0.009613209313414039,0.013899210113203503,-0.0021827358967389182,0.019113034666313797,-0.00379939967893109,-0.006794417784952744,0.004727619510671096,-0.0014686830805883148,0.003241210937897528,0.004468722921557664,-0.0010774031532600253,0.007394257606116103,0.00446930909361791,-0.0005004833865563871,0.005191073071577336,-0.0041438074224242095,0.004435289027293785,0.0025299792868501442
1888215,0.0333041009130481,0.021991931252485032,0.013206099250051905,0.02146611306634059,0.038975924430303704,0.005488535877215044,0.015512614508916963,-0.007813225085220935,0.015083175322722731,0.00878771492627252,0.010018478333737741,0.007953488360869945,0.004192453714675788,0.010413412504504092,0.017613649378711557,-0.01977401891748634,0.00177403497203855,-0.017009253515879726,-0.0003774126498959721,-0.0085914206958284,0.0004905530962963082,-0.002087558416297897,0.004972381562514032,0.0013222697797743198,0.004476030177504248,-0.0008906300908030776,-0.0012675280518610165,0.0025627238473941573,-0.00346814562658913,-0.0010698287698392283,-0.0036262970925835217,0.00759124732640621
252556,0.032258050243245115,0.020856476207194368,0.015259337093740019,0.021046725478948716,-0.04815119297252695,0.005349490378224359,-0.008203552674161887,-0.005418006888633735,-0.020794248982682215,0.028999818425880095,0.01098523260021472,0.0039483918898666715,-0.0005887841487213859,0.013954117219455747,-0.020139789063384747,-0.01214117202453555,-0.0006379984727075452,-0.01325370244768374,0.0025296641712788796,-0.012771887766656685,0.0013560177379702619,-0.003053851378425328,-0.0038784228674379716,-0.0015931727586645532,-0.003865454845814637,0.0010984425714991276,-0.0017106113305449184,-0.002346216443312815,0.0006210871344842933,-0.001955311913753554,0.010101017189940385,-0.00037314444614811634
285218,-0.06014537291591965,-0.03800209196410424,-0.024523868795200902,0.01950449200648422,-0.03991701869767262,0.00361516864382532,-0.010011282262779801,0.028571920268360522,-0.030837519114355734,0.0033605262450152533,-0.018154461311873597,0.002725837299568515,0.006002175196549393,-0.024140367092782417,0.02130805583905585,0.02952962067144346,0.0008026147250213509,0.0327571038779048,-0.0008737722664359026,-0.003990875933390957,0.008957039147452706,-0.007233337162311486,0.00458968498824652,-0.0034095675547568326,-0.005750369532998356,0.00010660448635860218,0.0020407811183777605,6.114169506067577e-05,0.002501418777395795,-0.0027380550895292916,-0.0020306368211795104,0.004167642281352768
2092006,-0.054624562573189615,-0.019198280240982257,-0.03405340732673013,-0.04481104758216067,0.13178107194308747,-0.0378232765750499,-0.0019116607421445703,-0.006085490369634117,0.0073076592123203854,-0.01000689436153193,-0.003211175582211889,0.0025544201401878387,-0.001825794258354312,-0.012524735687301131,-0.012968727413026545,-0.013935769833932361,-0.006819739581368579,-0.015839214509818723,0.001352499043156935,-0.007532184714180293,-0.002060151628421697,0.01846493873727407,0.002547419919837677,-0.0022981107269026495,0.011366057636538232,-0.0005314983453138699,0.004929642529800325,0.00016198154386509853,0.003984498323556037,-0.004010223808848725,0.0037562942929251866,0.0054121062587398055
1404405,0.026447828622604166,0.01940972695485615,0.012216118642083293,0.02128049387928823,-0.0009820444212013443,0.01276023751734827,-0.004400377165237908,0.005081287862811186,0.017113705030462008,-0.010829298184212296,0.007634289574085408,0.004171928586009962,0.0019633591416220466,0.009978096972413083,0.011010542544451322,0.012392120677128306,0.006326164409207826,0.01549675953313523,-0.0051442313249790966,-0.006714510137219516,0.0028827174044657087,-0.0011473213680758888,0.0029591293485918073,0.0018283134648214097,-0.0025715945952860435,0.006706003956227183,0.0034330293668160578,-0.00466395869933278,0.003209193335858415,-0.004123469659659451,0.005619916695621889,0.0016678859273387412
1306876,0.02829266023106858,0.020526519242547846,0.012235686139273646,0.022439601831137284,0.0016002676790456394,0.010416863043967944,0.016665607031930582,-0.0009607110143611197,0.016788302910416778,0.006575599558225028,0.00876558994251637,-0.0011930743067752718,0.001573953330685749,0.011525565085892383,0.012753266355529617,-0.0013219061142141053,0.001995759480003573,0.025582618963238567,-0.0012146658503254084,-0.009241850741117736,0.0026824502756067348,0.00343427223577723,0.002683868507254069,0.0021720554210174704,0.006307812940186914,0.004720950438547673,0.004465290689772759,-0.005881536022441119,0.0009572623392393899,-0.004521168923219434,0.005991372647079277,0.0012964838085524955
1454758,-0.03104252806072414,-0.004755366621661441,-0.03306231307952283,-0.0029668527288120843,0.018243269994731026,-0.014723315024493104,-0.014016535225031948,-0.006443379382288352,0.007751845366490278,0.0029481891647150627,-0.011887670830406502,0.008289201753330037,-0.004909006124375028,-0.027317638473547512,-0.030165169477391375,-0.022371848761663007,0.0028069085071149775,0.058203310984190224,9.448369807028582e-05,-0.003763128024818817,-0.006545492824983828,-0.012984378718196207,-0.005108127145777915,0.004151568439737103,-0.0058528527281822024,-0.005980216946862915,-0.0065548328906541884,-0.00019478233186671692,-0.0030457989072350746,-0.0003706147538265703,-0.003628209921508048,-0.002827801015902002
1956732,0.03548640430239664,0.02274380159228996,0.01193206571419736,0.022568217094717995,0.1001076261309814,0.004922887152590213,0.0003748471779929249,0.0019060555524811858,0.007935295144731156,0.010444050488158427,-0.008352896780505308,-0.0007168399630684163,-0.00012346910851389917,-0.005310404723989534,-0.02245503227442846,-0.011927268647592412,-0.0009375673520288198,-0.01591583375723701,0.004517661310303145,-0.01264489507001482,-0.0015423013923779425,0.001393853071503867,0.011579990375141451,0.006739045191024741,0.003796474994305472,0.0031542403363115793,0.005402383110975503,0.0012878131525420674,0.004074425678022723,-0.005687623544085536,0.007071551293783347,0.004459550770875842
2119865,0.031389036483125736,0.021429509580881315,0.012629626910818327,0.022858489311356662,0.15739803378882639,0.008573422175779225,-0.008431414224350578,-0.0008780288248062949,0.017786544539333343,0.006300888045279772,0.00919252798640498,-0.0007798411400440005,0.0011001254636881731,0.01211622068094437,0.013655963777100353,-0.009215323912246843,-0.0013639168151535685,-0.014673716525254224,0.008306576632237815,-0.01266835850017808,0.00651123320280464,0.007096750504469502,0.0031033495176330155,0.004699663364684162,0.007355600420997083,0.009152985616948918,0.004802562537902685,0.00016089240508643853,0.005315358607682504,-0.0018151316940109518,0.004938379859801897,-0.007492580258072892
905841,0.02669300276014934,0.020067893685557885,0.008363224766484718,0.021871119547455777,-0.009053178912636687,0.010992809532186825,-0.011824370060626116,-0.014784638610200428,0.010080769439926503,-0.030725787272551864,0.00815857298211908,0.01068817755152878,0.006986433879058886,0.010223001172094005,-0.01761163615803448,-0.01536576211044971,0.0022609721478897464,0.01593511556337041,0.0038935423836583406,-0.011386758830491154,-0.0005673614660994282,0.012300428633084993,-0.0021381989201596494,0.00395586138508021,0.0055189409359808405,0.004387025796894193,0.005148197785679052,-0.004420287085334291,0.0008912398066996454,-0.0014276149251899952,0.006404903288332948,0.0005129471777895094
492585,0.029431342788326875,0.018507916142090557,0.010832351272325848,0.020506898349844465,-0.055564486430896086,0.008881033486885218,0.004835040866855339,0.04076966303055821,0.005759771477372132,-0.018209892629845948,0.008034472689839346,0.010249272983370649,0.008749212128527886,0.00913739427948134,0.011263620546096345,-0.009914037508565407,0.008208936045448253,-0.019657164912552996,0.008864947336414838,-0.010233621155479579,0.00447292892438981,0.008905005765038389,0.0018422213700557937,0.006037159141461434,0.008148657271804726,0.008173105858929977,0.005386991301847252,0.0028846174468328788,0.005133071773645331,-0.004495841576464264,0.009254189762049165,0.0012202341948860267
389990,0.027673049383569726,0.019142286087862136,0.012959939638937141,0.021695876628909875,0.01809637999716991,0.006682658510652006,-0.000818875800580963,0.011477640204056522,0.014052906527224138,0.0012631687525083933,0.009216847281959427,0.004408263781095992,1.8267737683719475e-05,0.009897783169581263,0.020070331091214158,-0.0076953513459922405,0.0014280054336704938,-0.01217006080936227,0.007950983126495136,-0.008400134584386883,0.008038498989891034,0.0068951204928756555,0.002918347203429027,0.007388856633097049,0.007352863313071845,0.009613430992878928,0.008249333244050451,0.005047371433894781,0.001791499904261494,-0.00468583378539703,-0.00907486515005425,0.00237595658338015
1060641,0.02968805643936917,0.019336811224483347,0.011604776514743018,0.020334254481266377,-0.009632899065324291,0.009963480073702244,0.031152848204642924,-0.004971774695804132,0.007272783531724003,-0.0003995586334743577,0.008926014892655683,-0.0027830766050630615,0.0008026186630266946,0.011583656162029362,0.011638121791859291,-0.006512017146267124,-0.00037373800660537334,-0.019563159236936096,-0.003665694915139998,-0.009524292231095738,0.004925495724705249,-0.0034722044284110085,0.0012648736872999445,0.0023767713663379606,0.00022979714225357855,-0.00027666235069425337,0.0041419432708875775,-0.005038644180547403,-0.0008736863756413252,-0.006812007986084555,-0.005112002578232623,0.0016536472136652255
2185883,-0.05616251179850334,-0.01530832883982205,-0.038468500728884567,-0.07990428728681706,0.14998449169095293,-0.06467770547069136,0.01511027349015069,0.0005682602902536779,-0.017454586335111086,0.010858724818816333,0.0017555682445907126,0.0036123483368882183,0.0071728742483152886,-0.019709569376194665,0.0033719434294565867,-0.00860787735176311,0.028539555318289514,-0.010376558922562253,-0.0009435255101169312,-0.004940113112849034,0.006294066748225959,0.003792181548369582,0.002959857805535464,-0.0028502039600664785,0.00559438821032495,0.00565941876881859,0.005547041505151011,-9.61501837706392e-05,0.006063369157585234,0.0005176554787778313,0.0023702904833687514,0.0013076568637687398
666627,0.0278958606254532,0.020777371818674548,0.012699866137086686,0.021781636843215615,-0.008001000936144325,0.004376395136700263,0.01741636920841255,0.0025979729429467364,0.02164717919430191,-0.009683626384870327,0.00875052725935636,-0.0022103377156253846,0.005106663131193326,0.01224155651041636,0.010731398224579778,0.020930963428229345,-0.00011280004326267964,0.020271347997557126,0.0014776991821131534,-0.014737091365227,0.004127129044291476,-0.0015301591208198271,0.0026384941014110093,0.00432570838668073,-0.0010781019602807463,0.009582748342657661,0.0033574379273331716,-0.0044860874861014964,0.0031289371205346066,-0.006782103171456611,0.0046121367839874125,0.0018824391910296123
1410911,0.02458047514901205,0.017836273023627922,0.009892387977787895,0.019946677645281408,0.0016412081165440063,0.014076584456608237,-0.00479517372011683,0.013766093715330448,0.019226523427235603,0.01004483645842799,0.007389824911206054,0.006567465159059642,0.010705212204512517,0.008873946352648928,0.016699348888275248,0.02147867809266136,0.008520018211974826,0.016554789754519093,0.004410169561752298,-0.0032177760075589082,0.0067993919288819845,0.008783972425159837,0.006443180281167669,0.0016247942662630732,0.006606143545833261,0.00016994827556070637,0.002228575792398126,0.007747687332489045,0.0021211690529976904,-0.000669634932496746,-0.003071420350579134,0.0020805806360444552
1094698,-0.027463304817747548,-0.005859211604660956,0.01857384887085479,0.0035461758685431054,0.002706286519479427,-0.010361227781302145,-0.0016056870384368392,-0.0015931684329297611,-0.005917885120632484,-0.00876524983145077,0.01018534889247199,-0.00024768954920500563,0.00612914122238782,0.006677905028065767,0.01425563019139322,0.0010278495691477371,0.0009688276630831658,-0.010326878840165603,-0.0024780872962574902,-0.00531121832388683,0.00610830913156082,-0.0014458701448718388,0.003579999740590019,0.0017912291350654916,0.0009060006161053689,0.0116386359254464,0.004084006035571412,-0.003974274659453825,0.005792362945926061,-0.0009407664734548186,0.0060845241853318185,0.0034127490778527642
341086,0.025024241464986278,0.01847462790003634,0.009713654626154773,0.019474856233261766,-0.030425294660931933,0.004259881809378255,0.011675397564587112,-0.018167331295640014,-0.00692858116732113,-0.023086418035168758,0.00927337753619703,-0.004878032997934438,0.0025023119124077285,0.010657705022090552,0.010187272404563281,-0.018929745509032442,0.001367617643336733,0.010424676686401802,0.013870438865716466,-0.015770416701636553,0.002465306696372974,0.0027153724775042776,0.0006954209361129302,-0.001083967650963939,-0.0005514293474258237,0.0025594200121619374,0.0036425116836544674,-0.0036594248778606753,0.0022126225540394003,-0.007469759869535837,0.004199722960283863,0.002362496557104932
1968555,0.03303281430409581,0.023518429750001707,0.013953838069655354,0.02439249671060531,0.08799480607169634,0.004985056779769852,-0.004903960179252789,-0.004091883339150885,0.008994993924585285,0.006254153498844801,0.010191582931172772,0.0011907038716477132,0.0017224540302722506,0.01278294579543865,0.013377758652572612,0.01056374012081185,-0.00021711320522621063,0.016752997532019948,0.00868868713502338,-0.015337675283078953,0.004041853682005818,-0.0031817971509292857,0.0018885752863441558,0.004166407161993432,-0.0007923585962944738,0.010225824858908794,0.005989065364285335,-0.004600620652169721,0.0044947890771383755,-0.0036917256899081014,0.007202269519193456,0.0020677631451039512
204008,-0.04607903888688941,-0.013609915605559521,0.02066448346112351,-0.06196742592932332,-0.056225832803464965,-0.06248611006298286,-0.010621483621483338,-0.01082616664813348,-0.019858457823911258,0.004763341167679721,0.0030386603648654875,-0.0015213020349254072,-0.0008486513415237534,0.006560556286243332,-0.006763077831398995,-0.008833902648001168,0.0057058009465691855,-0.01147081932341834,-0.0004173763257227662,-0.021739368699089,-0.0020887176483096975,0.0018838739313120452,0.0009222811399270793,-0.001274273927291122,0.0035160174726594183,-0.0034938823192167184,-0.0005647924771822009,-0.0024934583271967532,-0.00260932611177986,-0.0033278702089391495,-0.004142303629304755,0.008106346860760151
515063,0.03342735303122523,0.019929938341808423,0.014160992767325816,0.02347188661406822,-0.0334932473985322,0.004310516052096165,0.0075098990387157845,0.041916277484796524,0.005656947032471589,0.02440693020485347,0.009738564683911701,-0.001671407972863829,0.003996276712639318,0.01151528601802044,-0.02101450209956435,-0.007860037601651578,0.0007111177088108679,-0.013689300265607626,0.002571619497235158,-0.009145838316910142,0.01134075559872566,0.007716432760677161,0.005073464689710986,0.0046921871816417915,0.005064224774385195,0.011378312795423697,0.00924463493964038,-0.0025509344496441565,0.008735594566582697,-0.0046953570274454,0.006644120703614254,0.004052395407360387
213696,-0.054196970108286,-0.024495164671479913,0.020712937502555397,-0.07722364307152045,-0.04662578965793543,-0.07405461874425213,-0.006742135981669402,-0.011767018804355692,-0.014649763410916304,0.004544111649545215,0.0011550825352449983,-0.0010585647085098382,-0.0020197861710144214,-0.0004449115642089426,-0.013296142101587957,-0.010422738601094442,0.0029380009807230523,-0.011579896193952336,0.0006456763001228022,-0.036154781098287694,-0.0023148568934103645,-0.005799053768300421,0.001823146216588017,0.0009500184028822613,-0.003122043138468057,-0.0017953964338336752,-2.1530570946780424e-06,0.003247880052123296,-0.0012274503692878765,-0.014546300965202806,0.0035085842513304893,-0.0029341140564077494
391586,0.030026842345488493,0.02021083593887996,0.013081813593742447,0.02054335701568269,-0.0489046394401811,0.008456207406983912,0.012444775313169685,0.04389354514233388,0.018048324239581286,0.006974905724144921,0.008620355974910218,0.005236880653664522,0.008156088402923352,0.010786020612747147,0.012951851427380647,0.01992647562200751,0.010819211307247716,0.020042939815087885,0.0023592760962289714,-0.005455156551224714,0.0032330152732275293,-0.0016811612691179276,0.003543620957106061,0.0014245838639296263,0.001255120850843173,0.00584180231954776,0.004523685631181412,-0.000872966317702012,0.004029913085591468,-0.004588429721666433,0.005016005424657038,0.002697290938512512
268827,0.03361858607673274,0.01894178747345953,0.014758106436223613,0.01921695313838711,-0.05937259125927946,0.0023729349908432344,-0.006959840145151574,-0.01720871044694976,-0.024371312315624755,0.031431427585675936,0.011405911241271813,-0.004644947484934079,0.0009693879465535165,0.01143992510951763,0.021842314020430926,-0.003809305444078977,-0.001925367826058839,0.019949784772123384,-7.30085769106973e-05,-0.011378999909680184,-0.0004997009777302163,0.008370805286196084,-0.0013890672659139735,0.0013013382821151628,0.005571329658557044,-0.0029245721546123597,-0.0014668680358425246,0.007926250417491789,-0.003982866755724633,-0.007692129349208804,-0.0013283473113472016,0.003681584757046497
541814,0.02673727701648206,0.020214517910291226,0.012697249101324802,0.022372989654733277,-0.016260814396594117,0.013069343757542668,-0.000553418020441772,-0.0032009548418234874,0.01823423255327873,0.01050734891435744,0.007596392617417366,0.004463615913038715,0.0027420484593335998,0.009716503824928384,0.015456346679450951,0.032606948254885894,0.002003947305602972,0.02902364396554478,0.008454682549065987,-0.007505116208840945,0.004787551666506482,0.015056440021908141,0.00870435329584352,0.005247091089062566,0.008918131189079422,0.0006079707369776315,0.0010274593324133322,0.010493005808959666,0.003282719360747704,-0.0009274836452797433,0.001792200799095696,0.0016118266568127702
1752296,0.029847085629380012,0.021904965673622472,0.011963898878125188,0.023741041833429656,0.05411292077084119,0.011485218782704277,0.0048641788440716505,0.006849456875818825,0.023629512536442923,0.011621916112266331,0.009010063558189027,0.0076783043919830445,-0.0007637676594899117,0.011235171472248088,0.000945463207827154,0.012475109021627014,0.0022172024223622517,0.037751986637459066,0.004924844820270099,-0.0066023866097969655,0.00015767774631827725,0.014061606778453415,0.0020603838107107705,0.004785938721093845,0.008445674352653847,0.0007722468800195516,0.007013510708147043,0.016199480942911584,0.0039144808400444235,0.00011548257638065116,0.007657272189737399,0.0058417228973483785
1969927,0.029998052428709343,0.020995879159404464,0.011009023699270818,0.023221222420416274,0.08301641121437885,0.00459616434806549,-0.010960149018391263,0.0003194836818819523,0.005868279661239324,-0.0026780480421973374,0.008559767072010735,-0.004652873822627172,0.0071621242615578905,0.00972676019594762,0.017579001691494546,-0.01145247418166621,0.0019224399835704768,-0.01881768986258392,0.012412785406926549,-0.010132597927096547,0.005931367997762732,0.010455777403981233,0.0043797537663378665,0.002405679872921511,0.00852814172091431,0.00804580100368767,0.005363027828807048,0.013556891400951692,0.0061703930091455556,-0.0021732242100449255,0.010291614255822385,0.0015049893747451604
240077,0.03024656547768004,0.020273652117127502,0.013362932076885482,0.018014515434372977,-0.0720403269909902,0.006029256481985051,-0.014823690878165603,-0.008162826629727048,0.014248666330119378,-0.024343517118902962,0.010383105409946749,-0.0003494585807029314,-2.9756044090735428e-05,0.010808883727678374,0.030869411017020804,-0.002890269899122021,0.0023096866816953005,-0.01821081018500698,0.00472661023810463,-0.011381681705739357,-0.0017628502120031356,-0.0005323176963554079,0.0032944304211177575,-0.004121323813561988,-0.0036537301288052334,-0.009741747145711228,-0.0008973488381197052,0.009350608756204658,-0.002215028098011664,-0.002294798478655562,-0.002618830641212617,9.72221443868847e-05
1217902,0.031769011804223604,0.02122203838385638,0.011478136058777703,0.01992600137192705,0.011702543216418991,0.008602829732043344,-0.012749371924718743,0.003279455577228285,-0.02813560881004388,0.015269298157057418,0.00920652193130518,0.0005673211347067525,0.007741499205935211,0.011908406830534858,0.0261712565550619,0.000554345601686726,0.002366093176969303,0.02283471863486632,0.005220995730187005,-0.011115121897405272,0.0036860597753385314,0.0008581237201218176,0.009528364955280129,0.0037557881483914458,0.0009683149534583246,-0.0020053068961000966,0.0017428716551029552,-0.001422510124225372,-0.005392426150605359,-0.006314937943237527,-0.0018580558045181632,0.006635874939647637
2204342,0.032070480654997416,0.020945897629108822,0.012106366698398463,0.02166617647966472,0.1527852839773303,0.009048771320008907,0.03581097304201187,-0.007001421798424782,0.018752366509706058,0.011618337079969428,0.009786937651045068,0.0013940280720585385,0.004412255258952493,0.011535021629990993,0.015111468076471216,-0.00258750750926759,0.021641190970626896,-0.01659980551837969,-0.007822980150067287,-0.009594049053554125,0.005857894138451907,0.0014053988281840803,0.0034195213467364,0.004623084542464557,0.0011061414891114915,0.006228488545526964,0.0029725017541584547,-0.0014547156818664714,0.0028046953522383477,-0.003230869215150502,-0.004249140700947843,-0.0010864109289663274
640964,-0.028352353080379113,0.00036784187879386633,-0.01785864885440184,0.020850423162376043,-0.013743076077307771,0.0067980845548612084,-0.020930363514126304,-0.009486457386084477,0.01236882460132277,0.0070464795449185985,-0.0036270328555250407,0.002497912568266208,-0.00046091536180715054,-0.010725265212764372,-0.027430907749810347,0.008160141556200791,0.0004296499054397084,-0.013625055296598066,-0.00039210554199347697,-0.004588879512088723,-0.007610384531640038,-0.0036857692838604124,-0.004802166866647405,0.0044221962280373926,-0.0025309427930599,0.003566923532150133,0.005752957085015728,-0.000641373766092213,0.006789471168592245,-0.0015039513846862144,-0.0026232647035128566,0.007355779081602599
1631985,0.03070209998419681,0.02141162953046212,0.01140960717424405,0.019309330855207252,0.03511040145496677,0.008736598430673082,0.036517088671051995,0.012528038975996279,0.010427176107540534,0.00781751298652478,0.009782437529578754,0.00467151117095522,0.0003313103692527645,0.010020136945280454,-0.009278632186347962,0.03897199832421166,0.002886695387062895,-0.003336423433698044,0.008850869562063723,-0.009419441763065643,-0.0013481674657076896,0.006556409351642676,0.007147862273073951,-0.00010611200493811561,0.0028377657229998643,-0.0014868921833757365,-0.0012953443965032022,0.009190989938605698,-0.001927608376472235,-0.002562808384229109,-0.0025323039455276133,0.004696529762064103
881236,0.03288841323104363,0.02056671635494534,0.012229573039082803,0.02331358932527048,-0.0035715648562808025,0.005657466917269036,-0.007517127942908708,-0.005943164564390361,0.015849787198290922,0.01647067798629065,0.01111293271164509,0.0009633986762119244,0.001165760286689238,0.013538580690628592,0.014446232479466204,0.007081689182265398,0.0014639037749058861,-0.021083812952153187,0.0031453382327725587,-0.008702066409608336,-0.003823337612224638,-0.0014640331527123217,0.001461346488369664,0.0034001129413559626,-0.001413906256884484,-0.00036896735919043834,0.0004964046172985638,0.0049714675399488055,0.000738650271227805,-0.003694732354879015,-0.0083403837822731,0.00043592073006547716
356053,0.02676393498402274,0.017550147530940363,0.011434367732263848,0.021007852355860508,-0.03578750798533616,0.00558999531428508,-0.007406052866291649,-0.01334443252703239,-0.019525993450281675,0.0022397745754571814,0.00840382810326592,0.0008697646265710197,0.005981742651677342,0.009836902089708919,-0.021505431539171168,-0.010843938100695538,-0.004551672938032724,-0.011826985325214435,0.002907161028428621,-0.007944878146385196,0.005654897421679904,0.005851901177372273,0.003983898668486291,0.0018347157851471908,0.005605099618450982,0.007449625047968526,0.003540502716198379,-0.0015841262673947866,0.006216786540082577,-0.004634103002310939,0.0044460962009843326,0.0016805856582383322
1738590,0.03244085059166028,0.022698800210064048,0.013277212572521556,0.02304730894819208,0.04897028516297198,0.006474200081818025,-0.011367726937368865,0.012041972196925304,0.01000767276023959,0.008379205084112927,0.010067035452957479,-0.001745615392405827,0.002766656418689342,0.011800395437142286,0.022238695043396796,-0.007174982163335511,-0.0013879845767645743,0.024737584675168796,-0.00038228305667130147,-0.010788206574881278,0.002364099869445882,-0.0014184198951654255,0.0035119709322746417,0.0019528622892336152,0.00297440301686888,0.0001826750563339472,0.0016146356969102282,0.004474293005011059,0.001596017444398532,-0.004756583868437166,-0.0073773385517140475,-0.006754469084345097
575938,0.03080125572386994,0.023046518675681277,0.014368541300427442,0.02108323241811246,-0.03345831074771728,0.007742310803296711,0.029746711804024797,0.05045846123456432,0.013532856301533315,0.009892136631111367,0.009636468426012321,0.016283002461150463,0.008763705166536458,0.012159492841495532,-0.014468926722182845,-0.007042740070269818,0.0011597656650161221,0.03719834685610605,0.0029746211986618363,-0.009067582112871644,0.002059812547311768,-0.0034171439058108947,0.0011662347390913503,0.0053951545434610315,0.006262870321686833,0.001550845050787905,0.0038792993926870583,-0.002002899730022974,0.00048196447739417886,-0.0024620576928214982,0.010557406427821476,0.001881637389950643
1340290,0.032473963088884256,0.021634558710878847,0.012692673378052752,0.022562127490445456,0.011605190637547823,0.008303480615137861,-0.010301232712906085,-0.004284125384813948,0.012062419639329225,0.004901493752065397,0.009231496830656312,-0.0011042314209366352,0.003877419132001156,0.010788003472743696,-0.0322858857574923,-0.0010793876270436807,0.0005771525482547559,0.02262230289126151,-0.0007772587174953797,-0.014559896951541917,0.0008493194977688956,-0.0021752941273723253,0.0004739974651976022,0.002729353045510931,0.004397349300349123,0.0018032274165903867,0.004538937926382676,-0.010655880652542724,0.00084758548049963,-0.0008212505630902086,0.007194200988425059,0.004478632384778781
1317465,-0.08707999013129081,-0.06060661400143111,-0.016333707731724437,-0.028928288454594917,0.002294618927406376,-0.028153448801580102,-0.018761823899267345,-0.006505162328480668,0.009424488331290557,-0.013694787095275841,-0.024809380359593666,0.0034129836984619993,-0.0017433209990072745,-0.03127494765056196,-0.032871502035081455,-0.014764520195847924,-0.0009952433425683912,-0.0188903435777473,0.0005188550100782749,-0.007604925753759112,-0.0025555691639949397,-0.003585848677995443,-0.0013691651432596002,0.0012917592035018766,0.01749154555537688,-0.005954816875082898,-0.006069781240403158,0.004661268366599334,-0.0002588058142001696,-0.004795430552321385,-0.003265341831327551,0.0006593351663492234
1360605,0.02760144710843501,0.017926070386561046,0.011694039381826222,0.0200135148453897,0.00364066951905131,0.00898629763987707,0.054075953156939416,-0.006314978602009512,0.006417528416735565,-0.005259699576665001,0.007218717274156884,0.004037520103466327,0.0024280465988493305,0.00878873633114271,0.013453183015234748,0.009216306123304763,-0.0015455611896297097,0.010894652794329253,0.0027382223705282554,-0.005214775004059386,0.004535924625027532,0.007048397570806874,0.0030228044808727583,0.004135774393545462,0.004542707956903376,0.006606527549498956,0.005124051070448337,0.0006805725534925545,0.0029973896307601265,-0.002669715597260508,0.007763823079187268,0.001402675575686255
1953733,0.02864495220799924,0.020245826355957553,0.012064895298399877,0.022203493703061718,0.07445335749544173,0.010588127448167388,0.043159734434524706,0.0015923061790387195,-0.0005887813085467984,0.013020384156004374,0.00762005114187363,-0.00031453876082751503,0.003299400165415529,0.00965906585826404,-0.016272658260291784,0.024928549687854726,-0.0019962476682267747,0.02863237062910643,0.004755716581692653,-0.00692016501469393,0.0009152063536503373,0.010642257657566555,0.003399164976105,0.0042132804977462815,0.0047983898915786105,0.002831423391458367,0.0028515278607899844,-0.0006981328080338506,0.0006039675104563498,-0.0010790751610882596,0.004480794170356091,0.0028483596241380338
1114602,0.027330691196341513,0.019333995054963016,0.013292658942928344,0.023294745269880165,-0.0023523587573506424,0.011086013879820953,-0.012939609541081764,-0.010170237720041664,0.01975968525084549,0.009276211173366385,0.006720398941770417,-0.00849012845183567,-0.0007285384202129571,0.009026918938066904,-0.025921442093847988,0.02928410360345524,0.000995358750020189,0.030468591049623482,0.0027304783575910867,-0.005815964294549947,-0.0025839831971913338,0.010599947720191459,0.005452968112182562,0.003448388310910665,0.011811406489006911,0.002241705890610321,0.0035205731284320392,-0.008642949856420917,0.0006498919556499934,-0.0018289493996386911,-0.0022188224531954816,0.002001365106248226
167508,-0.038355355613748525,-0.009091779746509073,0.01811448767433608,-0.04349524479360547,-0.07118926844484023,-0.04112910093426552,0.02700475872178074,0.0009468917222073244,-0.02388817799585762,0.006037462042801873,0.0021822835026140174,0.0013103152967483523,0.0015488737571161325,0.004494697076721677,-0.018330233843508643,-0.0076720902895651135,-0.0031940837573989954,-0.009500588209181086,0.00935604790617755,-0.011029601493357084,-0.00020590090003419666,0.01690255909410414,0.005456443106673423,-0.0016937723845504642,0.006926931491814374,0.001761785795468153,-0.0012028345379962954,-0.002077671387246382,0.003526142439019843,-0.0056947771235722686,0.006068558024785376,-0.0015143759971037653
1641876,0.02995690685731039,0.019899831178184446,0.012501349933855887,0.02338608204647236,0.056437933606465006,0.008051132645661254,-0.004330802943277134,0.00441622493627323,0.021220238543122587,0.009578113587743412,0.008755739265757814,0.0054804219797141285,0.011861030728139588,0.010236717585730488,0.017179318918360168,0.01958538383257859,0.002475461570772163,0.022896985503184922,0.0050376159013934265,-0.00855303875258403,0.0049453512498688545,0.012071531869609738,0.005114183689885435,0.0032882190062908036,0.009028050876012793,0.009970716115241217,0.006604219073558396,0.012338384271538287,0.005656864229656034,-0.0007939404186884576,0.004711246449718819,0.0029824997007574074
377335,0.03300530758879795,0.02042615585223799,0.013860025392987032,0.022399240868121763,-0.04430597935124825,0.006199688445600716,-0.004233129603229285,0.05180984302418646,-0.016925243031422565,0.0003917743472183925,0.011789433432021008,0.0031764063599215415,-0.0011336270331827418,0.013115743112350156,-0.022251991468542016,-0.0005976234875980262,0.005609238642036478,-0.011029057851008878,0.00029142597808105007,-0.012204580092482547,0.005547797033369985,-0.002945684705972913,-0.005689878762042678,0.0003872651506858266,-0.0018082231317356787,-0.003647139500165724,-0.003975289130107062,-0.0011716702082604433,-0.0019802461246694334,-0.0046750515963649535,0.01388526355534789,0.004097384511497367
2170777,0.03135689499696481,0.020768565489131356,0.013056239825857366,0.022400421341689652,0.1926290937604518,0.01043005278402666,0.021042685705707484,-0.005900335216788218,0.01926993413985266,0.0015829231264633164,0.008348886579117764,0.004438175291364077,0.008296847797275261,0.010605799481311582,-0.02759061705247475,-0.011326897489099628,0.0006610643883843874,-0.010799193539323466,0.005902029542640848,-0.00902578787378675,0.006263036686465155,0.00824057226290794,0.0030359146296604906,0.0030553280127419394,0.00620367890273984,0.006950392755770586,0.005933797782874521,-0.0041536485473457575,0.002866748663589107,-0.003518786460638399,0.00020560369643278964,-0.001362053998980777
1247226,0.02847177873899048,0.022160453038389493,0.013619213948279335,0.021961539240295345,-0.007277559690884657,0.00596190625934644,0.00770090944254906,-0.007284738880561188,0.013695618741756886,-0.0021553932934422156,0.008373164443067922,-0.0034352480801428677,-0.0012981183963618728,0.011303928665923134,0.012650192792604592,0.016282251797379015,0.009588565892949248,0.016878141335043152,-0.0047593365843001,-0.008971322317070086,0.004363055495053199,-0.0027323148458123837,0.001793032513518583,0.002602947422837193,-0.0016988061429914396,0.007263886619823526,0.0024914966160525897,-0.00632635151029292,0.006201439597369128,-0.007212318648554172,0.006177030690378422,0.0018947732851238796
861105,0.0306884436983228,0.020674162162749796,0.010521601145710801,0.021608649271624265,-0.005246842147585402,0.007029029786320689,-0.011413286199167379,0.008462114506180118,0.013896774587448469,0.01311866695737215,0.00955273680223743,0.001216683326854199,0.006071041408537477,0.010894137360855365,-0.012065472116928976,0.03259737754186312,-0.004308221523663943,0.025874886004453486,0.001352136329188379,-0.005529559127038025,0.005552826644764376,0.0161984931820002,0.007644813310779023,0.00394216441735676,0.00928962556503968,0.0007962910966281183,-0.001356654579906494,0.013541056174289528,-0.0009586887200320747,-0.0014219890193395122,0.00999395905796893,0.002817700795238422
782003,-0.032110977914027256,-0.006632441417403401,0.019593521916174816,0.011145093242701428,-0.019785155877620617,0.002856874844188258,-0.01669287239234804,-0.01480625380482547,0.012608881085882569,0.008122850909510747,0.006827585158383988,-0.004363479145621655,-0.003186459864756335,0.0055473347990972624,0.02088919983041348,0.0024047943968236512,0.0038989617384160317,-0.016453039780506423,-0.0025698504708703564,-0.006750747310918902,-0.002407435423661673,-0.00457053664219157,0.0039035751465874642,0.003802330185326895,-0.0008949360136455156,0.0006168115335512509,0.00390461602188918,0.010335664431837048,0.000749196980546742,-0.006859837218748286,-0.003900199057739608,-0.0012386097301552465
1996887,-0.02374550011497601,-0.00478188268498152,0.02117180440562879,0.0033569262655965782,0.058882004623549714,-0.012211203193595782,-0.014171753275382355,0.008490392468610254,0.01230346196759077,0.0026404844201470498,0.010085361166532693,0.0040443567864553885,0.00806123625559455,0.006540993794066253,0.017746285727595845,-0.013028743432624076,-0.003228909165542045,-0.014825432343590033,-0.00245067164241911,-0.006190104513640119,0.008524384676994944,-0.0018601309617105,0.002186129210973452,0.001504882990236204,0.00017521251293687096,0.012096189577483006,0.0037575092111213778,-0.003118958524885256,0.005926272155410861,-0.002174007406570011,0.007799569900189524,0.003276657684719118
185374,0.02870759538177639,0.01965925611319664,0.013993561202590946,0.019810498516984933,-0.06930187455419273,0.009352956943839296,-0.0009138064457874268,0.004539499311787751,-0.026631193997498845,-0.010614734782686805,0.007480580585170209,0.028285422593092913,4.291432631146694e-05,0.010796688102711794,0.0011113075871057164,-0.008612035132555132,0.0009714643617782939,0.02740654533746023,0.0018251727778848337,-0.013711950110628864,0.004362567527111356,0.0075628591774672335,0.01217054539207617,0.005952562036337089,-0.0006952211532812908,0.0030700523778465424,0.0037894590484670353,0.004477266849545226,0.00426060938940539,-0.0005832333661459278,-0.007522789549238681,0.0018986097976371992
1977985,0.026877384933151997,0.018993873672892188,0.012402774740399648,0.022020252044116808,0.0614818438737321,0.010809253363109006,0.045361676524258134,-0.00338346980633345,0.014287041348674121,0.0014161338387069726,0.007420960602365919,0.003370254110790183,-0.003477762709007645,0.009238504968743856,0.015904746226076447,-0.0037247671523782827,-0.0009631914798832785,0.022528378593747456,0.00504689205852334,-0.004260358139517735,0.0035627494991217227,0.009925653856658372,-0.0006271840019389182,0.0013232856568590595,0.008214337547376733,-0.0004641250620811918,-0.006691763886796727,0.004208321468597876,-0.005575814395877607,-0.001606202057899146,-0.0019493756751564183,0.002985764449796022
1577872,0.024646984727108828,0.016834218829850235,0.00995326732123678,0.02067754996025783,0.0021355118358867987,0.011305283079624778,0.0660949626828982,-0.008610043000737795,0.011448016459027387,-0.005226810902695015,0.007952806561072664,-0.001380215375498133,-0.0011840295127587134,0.009146509816732788,0.008809655463706692,0.0020352340727514515,0.0023815712236843556,0.00736955367487461,-0.002365591722728031,-0.006473787380278502,0.002577643600442298,-0.008519602181203333,0.0005436442914398128,-0.00021987697016791964,-0.007013511509868005,0.001967599302773183,0.0028575577978438866,-0.006099287062052063,-0.002640167132815989,-0.00561884608961922,-0.003177129963884291,0.0011149275627704216
317494,0.03284142980988823,0.020184708571786506,0.011298340127538803,0.019728136827494785,-0.040910224123480575,0.006721396147863462,-0.010824732880114518,-0.007717683287661062,-0.0023307408644323785,-0.0019585726368592485,0.009071972556064158,0.0054871004144495085,0.0031053800333346103,0.011346822430443777,0.02026393130900604,-0.008152703590186685,0.0012447487952468514,-0.009926658366674255,-0.0023952757544919707,-0.011833070383316477,0.0013235310200343756,0.001546287049254159,0.007152851004710231,0.0024349857417980134,0.00729101108006208,0.0007545059163554659,-0.0008691004131676706,0.001690383419470196,-0.0011291046382588433,-0.005624363663448314,-4.338609070385389e-05,-0.0009411036288423049
1167726,0.02847112739800007,0.022145483630580068,0.014681106282786986,0.022355047359245105,-0.0009710964564120555,0.004258660928837246,0.010142339086743848,-0.00866795558814259,0.012045156045804112,0.010558813557507181,0.00896902102691288,0.0014621548768913614,0.002006072967411428,0.011414787059140695,0.012546825058645931,0.015548761148742131,-0.0005667213541841175,0.016495559741451046,-0.002186379901299896,-0.01400751170036838,0.004642480877232991,-0.001953638835683259,0.00271742290524865,0.0028886537968216253,-0.001537819801690863,0.008850058024721122,0.003880821963963531,-0.0044909838366344575,0.005794008457735751,-0.009466277388499445,0.004902124884775738,0.002371637520614128
665765,0.02572676900790727,0.018133398735678687,0.011880693605232598,0.022653029383256716,-0.014248932111213529,0.009086971364553623,-0.006615451641882122,0.005723073812856387,0.016435083792767136,8.869029872685692e-05,0.007367493555051941,0.0055109441626237776,0.00862851918032642,0.00962576746454699,0.02497896175502582,-0.016417938647563284,-0.0024109437113388234,-0.01766483853617128,0.011786781544961602,-0.010071788500857966,0.006674099163551048,0.011271639703603797,0.0037854052098408586,0.0023702232828355136,0.008675197208213753,0.00823138300391581,0.005484876133770016,0.01503280353133224,0.0069211748965837235,-0.003247489182233785,0.008010416614064507,0.0009020995767758362
1880243,0.028987124798196193,0.02498268726467571,0.009353303655642674,0.0051004597304592615,0.05645486273902144,-0.006612979601002705,-0.002624968547038521,-0.006224923362938518,-0.03416359377276744,-0.011546627335093066,0.002914628125739266,0.006320799865172045,0.01177230795516707,0.0009107224891563907,-0.014505632791376842,-0.015565578670969197,-0.0011183766654102026,-0.021563136388721916,0.0005399012609244181,-0.00729083814815255,0.014393979427887666,-0.002383598658263304,0.004039215264737707,0.0029153014310822566,0.004466623034550751,0.0032887540428281673,0.0037922949518443454,0.008061371296469241,0.004448505051645586,-0.003132258873075867,-0.005618244896599811,0.0038395333160603498
1179926,-0.09866151643597007,-0.060730538033499704,-0.03930356520608951,-0.07105015475184047,-0.0005071530124405283,-0.06209973699789879,-0.010315649525105913,-0.0032020474744354228,0.005711330680395368,0.0008123472526013632,-0.013946735267010976,0.00024921848659780935,-0.0008970689768260312,-0.025772315216818675,-0.02443771060643587,0.0039340592804360565,-0.0005939617094346334,-0.011260280077706002,0.002216989440184242,-0.016330229657198977,-8.134838374656818e-05,-0.005065539285131908,-0.002842237294161158,6.423151498910347e-06,-0.005240353017058173,-0.013105137943976664,-0.009463166973365635,0.004573314768834809,-0.0023791123388821863,-0.006934806193485143,-0.002983674520535095,-0.0050822937337703135
756522,-0.04988285722551283,-0.023023493990682927,-0.04152103564130391,-0.01815312711502298,-0.004499991506657333,-0.018119155362227087,-0.01417126040272889,-0.010955360076580049,-0.017523987964991845,0.0006293701923140094,-0.024428630306398164,0.005647702151386371,0.004251424930001528,-0.03399061905763281,-0.02905714092206235,-0.015737241984919492,-0.00031061113056249747,-0.001753948635956747,0.010741789143617765,-0.00781194895417703,0.0029120878509956132,-0.00847630941070698,-0.0023513152361649193,-0.0004301331455488891,-0.0013558118873580253,-0.0007824755990419879,0.00014229872531808208,-0.0020603959042600093,6.605647028087713e-05,-0.004501804394591081,-0.004521732621256061,0.006661911531957587
2028012,-0.06272770035366874,-0.027011612421070173,-0.04989410476533521,-0.030501108947116128,0.062190600432712434,-0.029897755951753417,-0.006270976336236458,-0.005062307648876758,-0.016166580164182348,0.003530904859088495,-0.025940617048281427,0.0016149147433352192,0.0052761430237732495,-0.04228174754697572,-0.024721346055995037,-0.007676832307244508,-7.410118531625759e-05,-0.008344436672262234,0.007667589365818812,-0.005498781666182355,0.005682165766819925,-0.0033542645337122233,0.008735172010324583,-0.0038398712742288565,-0.0033108846432036198,-0.0020304515786327753,0.002645533575252722,0.001614877759222606,0.0006468405312362448,-0.004327341033895936,-0.0012600317215585128,-0.002821965643244156
1851933,-0.13294554258538702,-0.10833047057358246,-0.05007105684789343,-0.03086924145011913,0.020744512876048813,-0.033699225767785314,-0.0007442444744609816,-0.004647229650444728,0.009702903176610085,0.007999338545372435,-0.05233383348692249,0.001351383590723441,-0.0006782777587385451,-0.06260849243331226,-0.027283379226563688,-0.012292524382296655,0.00069026631097312,-0.014542122651664819,0.003055157103187423,-0.007103342065425459,-0.0025426960530419655,0.005525649845003217,0.0054130185270596055,0.0002972864380509887,-0.0014176501618709033,-0.00759625438007202,-0.003535632729692892,-0.0014042894497053651,-0.0003723394239320585,-0.004081973156566934,-0.001461386667909729,0.00373193723363567
1027620,-0.09932125909665043,-0.0717404371391694,-0.017900696275672145,-0.11526491013287217,-0.009592283925521162,-0.0910948119563878,-0.006128197399221453,0.002692419464620772,0.006198412344316946,0.0033360004774176163,-0.015319451856679371,0.0004886615742877527,0.0006984147546104037,-0.02439447495587821,0.01743649743850914,0.016002469990099234,0.008166277807891495,0.016299271593563987,0.007217950847028703,-0.014258038538120717,0.0024238920602735006,0.010787261572719682,0.0036397041574078976,-0.001953667192361043,0.004407109980373775,-0.00851759676742982,-0.004139866018387899,0.007484195327120174,-0.002349904928798424,-0.008634684140811541,-0.0018912776289970316,0.0029606479936510623
1237187,0.03179723115309045,0.02330805201065886,0.012608275457777283,0.023235177268938246,-0.003892531094738062,0.006591631711269426,-0.0035142367159101875,0.0007518825446729239,0.01398975403543357,0.002391106089624329,0.01025510779418766,-0.0011244839194614231,-0.0001410594004121685,0.013230836475686021,-0.016686508089902494,0.0019937197539858877,0.004133441137452642,0.0175453369980607,0.004014015931825389,-0.01515449741867698,0.005526927634094437,0.003965120916323715,0.0019531384478076765,0.005089294470644104,0.010489162733862023,0.0058192163868535955,0.008226499426975422,-0.0047005055437961876,0.0029672944443644112,-0.003978887357306903,0.009847958131983137,0.005627879053016369
486589,0.03200640331731004,0.01967072523689251,0.012407588240090675,0.02285660549601532,-0.041591253526628326,0.005620237235881744,0.011532979143071775,-0.0010455108139784943,0.020639919975485047,-0.006526358636175153,0.010626579278062653,0.018382906369126057,0.012120179771498972,0.01168725663058885,-0.025894769166571716,-0.011170871999743785,0.005153338948050886,-0.013199880079450848,0.006834659568192505,-0.006507791316892381,-0.0008190808628153497,0.009291721028522056,-0.00037937261847886594,0.004454055192466508,0.008409349115323511,0.0020147092891686686,0.0014119521106930354,-0.0005829987278140978,0.0029922560840601803,-0.00208663292883474,-0.0021899040995959065,0.002681918627651383
331004,-0.0353649308370001,-0.01371558381083271,-0.002072850510674669,0.011703806852062786,-0.05829812905534222,-0.0016131463115689666,-0.011502479654169164,0.003979617356420427,0.015180800728200002,-0.01585222704675558,-0.002458704846100803,0.008616034719960678,0.01535711736883983,-0.009073412227095696,0.0006874512213186981,-0.011477566048956996,-0.0009382023267067961,0.029103623291519595,-2.3068440799940176e-05,-0.0033615564438921417,-0.001342464215154925,-0.006157519641937315,0.005775335703757914,-0.0011762934565818322,0.009090332429949909,0.006545968501386687,0.003821525514423164,0.013127946247602244,0.003397851761883522,1.7447179242644295e-06,0.00817988153332292,0.004900650150264238
143462,0.02999214020788239,0.019697859825055238,0.014931181793611902,0.021613997010162624,-0.09324759293913974,0.005132888955726841,-0.006507121847965859,0.012862901056471377,-0.04238111935421519,0.002583804564441435,-0.025957533685452144,-0.0029403775343803213,-0.002210626758218925,-0.02645477032148623,-0.03655481101591513,-0.007153198786252414,0.00907123338837601,-0.02215156148907943,-0.0016852888064808158,-0.012096610027049473,-0.001288300100909632,-0.008423994037295096,-0.004967413720266075,0.001157968594982888,-0.004614218211888961,-0.016485573049522452,-0.021133278043759408,-0.003741884715053522,-0.004732129003159745,-0.004302982578421891,-0.004495270089994818,-0.006056092149094485
2040425,0.03012624045922784,0.021360878288160048,0.01239713486886335,0.02263573250823747,0.08024367184389246,0.006154641837664259,0.061622390865160144,-0.007851800604064338,0.007067839617843581,0.005811609180440647,0.009596716160447107,-0.00037801313973507146,0.004709066546086823,0.010305648106517566,0.01680638840640376,-0.0033887488106328733,0.0021272051997663086,-0.013644611508415914,0.0021780867005456246,-0.01027098614525087,2.170508158372794e-05,0.005556972592954916,0.002947804519224433,0.0027751869799822835,0.007922458492436429,0.008462067216113728,0.006587987400784814,0.00688309311202815,0.004424508616984231,-0.0009808658740293693,0.0077849639568413065,0.0033456216371825186
1557705,0.036281250180757854,0.02383118971470056,0.013257834836047127,0.026608963591471555,0.026124617444459045,0.006451907464252691,-0.018604474595134268,-0.009636476911294071,0.015582654521443551,0.009647399428471403,-0.022266639673088177,-0.000361286316751153,-0.0010302940169192882,-0.0267542696039724,-0.019121284968094756,-0.01977096520913615,0.0021516022195109522,-0.03149256615500401,0.0014864469914248936,-0.01144147699189873,-0.004841407650749428,-0.0019770522770636767,-0.00026828356192572434,0.004001189053738531,0.0014660239784376904,-0.0012860774349505494,0.004904347940549806,0.009536141702701416,0.005770039330983225,-0.006174950453889144,0.0001922067662014066,-0.0009043987373397064
